web-scraper-order,web-scraper-start-url,category-link,category-link-href,subcategory,subcategory-href,product-link,product-link-href,product-name,product-price,product-image-src,rating
"1602741095-200","https://phonesellbd.com/","Feature Phones","https://phonesellbd.com/product-category/feature-phones/","Huawei","https://phonesellbd.com/product-category/smartphone/huawei/","HUAWEI P30 PRO 8GB 256GB","https://phonesellbd.com/shop/huawei-p30-pro-8gb-256gb/","HUAWEI P30 PRO 8GB 256GB","৳ 65,990.00","https://phonesellbd.com/wp-content/uploads/2020/04/Huawei_p30_pro_4.jpg","There are no reviews yet."
"1602740924-172","https://phonesellbd.com/","Feature Phones","https://phonesellbd.com/product-category/feature-phones/","Wireless Headphone","https://phonesellbd.com/product-category/earphones-headphones/wireless-headphone/","Original REMAX RB-200HB","https://phonesellbd.com/shop/original-remax-rb-200hb/","Original REMAX RB-200HB","৳ 2,280.00","https://phonesellbd.com/wp-content/uploads/2019/12/Remax-RB-200HB-4.jpg","There are no reviews yet."
"1602741367-243","https://phonesellbd.com/","Feature Phones","https://phonesellbd.com/product-category/feature-phones/","Xiaomi","https://phonesellbd.com/product-category/smartphone/xiaomi/","XIAOMI MI NOTE 10 6GB 128GB","https://phonesellbd.com/shop/xiaomi-mi-note-10/","XIAOMI MI NOTE 10 6GB 128GB","৳ 39,490.00","https://phonesellbd.com/wp-content/uploads/2019/12/Mi-Note-10-1.jpg","There are no reviews yet."
"1602740709-145","https://phonesellbd.com/","Feature Phones","https://phonesellbd.com/product-category/feature-phones/","Others Smartwatch","https://phonesellbd.com/product-category/smartwatch/others-smartwatch/","Original Y7 Long Standby Time Smart Watch","https://phonesellbd.com/shop/original-y7-long-standby-time-smart-watch/","Original Y7 Long Standby Time Smart Watch","৳ 1,690.00","https://phonesellbd.com/wp-content/uploads/2019/09/y7-Smartwatch-2.jpg","There are no reviews yet."
"1602741080-197","https://phonesellbd.com/","Feature Phones","https://phonesellbd.com/product-category/feature-phones/","Huawei","https://phonesellbd.com/product-category/smartphone/huawei/","HUAWEI Y5 LITE 1GB 16GB (Official)","https://phonesellbd.com/shop/huawei-y5-lite-1gb-16gb-official/","HUAWEI Y5 LITE 1GB 16GB (Official)","৳ 8,990.00","https://phonesellbd.com/wp-content/uploads/2020/04/Huawei-Y5-Lite-1.jpg","There are no reviews yet."
"1602740916-171","https://phonesellbd.com/","Feature Phones","https://phonesellbd.com/product-category/feature-phones/","Wireless Headphone","https://phonesellbd.com/product-category/earphones-headphones/wireless-headphone/","QCY T9S TWS bluetooth 5.0 Earphone","https://phonesellbd.com/shop/qcy-t9s-tws-bluetooth-5-0-earphone/","QCY T9S TWS bluetooth 5.0 Earphone","৳ 1,890.00","https://phonesellbd.com/wp-content/uploads/2020/07/QCY-T9S-1.jpg","There are no reviews yet."
"1602741531-261","https://phonesellbd.com/","Feature Phones","https://phonesellbd.com/product-category/feature-phones/","Apple","https://phonesellbd.com/product-category/smartphone/apple/","Apple IPhone 11 Pro 256GB","https://phonesellbd.com/shop/apple-iphone-11-pro-256gb/","Apple IPhone 11 Pro 256GB","৳ 110,990.00","","There are no reviews yet."
"1602740981-181","https://phonesellbd.com/","Feature Phones","https://phonesellbd.com/product-category/feature-phones/","Earphone","https://phonesellbd.com/product-category/earphones-headphones/earphone/","Rock Zircon Stereo Earphone 3.5mm In Ear Earphone","https://phonesellbd.com/shop/rock-zircon-stereo-earphone-3-5mm-in-ear-earphone/","Rock Zircon Stereo Earphone 3.5mm In Ear Earphone","৳ 980.00","https://phonesellbd.com/wp-content/uploads/2020/08/Rock-zircon.jpg","There are no reviews yet."
"1602741089-199","https://phonesellbd.com/","Feature Phones","https://phonesellbd.com/product-category/feature-phones/","Huawei","https://phonesellbd.com/product-category/smartphone/huawei/","HUAWEI P30 PRO 8GB 256GB (Official)","https://phonesellbd.com/shop/huawei-p30-pro-8gb-256gb-official/","HUAWEI P30 PRO 8GB 256GB (Official)","৳ 89,990.00","https://phonesellbd.com/wp-content/uploads/2019/05/Huawei_p30_pro.jpg","There are no reviews yet."
"1602741247-224","https://phonesellbd.com/","Feature Phones","https://phonesellbd.com/product-category/feature-phones/","Oneplus","https://phonesellbd.com/product-category/smartphone/oneplus/","OnePlus 8 12GB 256GB","https://phonesellbd.com/shop/oneplus-8-12gb-256gb/","OnePlus 8 12GB 256GB","৳ 66,990.00","https://phonesellbd.com/wp-content/uploads/2020/07/oneplus-8-12gb-256gb.jpg","There are no reviews yet."
"1602741024-188","https://phonesellbd.com/","Feature Phones","https://phonesellbd.com/product-category/feature-phones/","Earphone","https://phonesellbd.com/product-category/earphones-headphones/earphone/","OnePlus Bullets Wireless 2 Earphone","https://phonesellbd.com/shop/oneplus-bullets-wireless-2-earphone/","OnePlus Bullets Wireless 2 Earphone","৳ 5,490.00","https://phonesellbd.com/wp-content/uploads/2020/01/Oneplus-Bullet-weirless2.png","There are no reviews yet."
"1602741185-215","https://phonesellbd.com/","Feature Phones","https://phonesellbd.com/product-category/feature-phones/","Google","https://phonesellbd.com/product-category/smartphone/google/","GOOGLE PIXEL 3 XL 128GB","https://phonesellbd.com/shop/google-pixel-3-xl-128gb/","GOOGLE PIXEL 3 XL 128GB","৳ 76,990.00","https://phonesellbd.com/wp-content/uploads/2019/06/Google_Pixel_3xl_1.jpg","null"
"1602741011-186","https://phonesellbd.com/","Feature Phones","https://phonesellbd.com/product-category/feature-phones/","Earphone","https://phonesellbd.com/product-category/earphones-headphones/earphone/","Plextone DX2 gaming earbuds","https://phonesellbd.com/shop/plextone-dx2-gaming-earbuds/","Plextone DX2 gaming earbuds","৳ 1,250.00","https://phonesellbd.com/wp-content/uploads/2020/07/Plextone-DX2-1.jpg","There are no reviews yet."
"1602741312-234","https://phonesellbd.com/","Feature Phones","https://phonesellbd.com/product-category/feature-phones/","Samsung","https://phonesellbd.com/product-category/smartphone/samsung/","SAMSUNG GALAXY S10plus 8GB 128GB","https://phonesellbd.com/shop/samsung-galaxy-s10plus-8gb-128gb/","SAMSUNG GALAXY S10plus 8GB 128GB","৳ 66,990.00","https://phonesellbd.com/wp-content/uploads/2019/05/Galaxy_S10Plus_3.jpg","There are no reviews yet."
"1602741549-264","https://phonesellbd.com/","Feature Phones","https://phonesellbd.com/product-category/feature-phones/","Apple","https://phonesellbd.com/product-category/smartphone/apple/","Apple IPad Pro 11 (2020) 512GB Wifi","https://phonesellbd.com/shop/apple-ipad-pro-11-2020-512gb-wifi/","Apple IPad Pro 11 (2020) 512GB Wifi","৳ 114,990.00","","There are no reviews yet."
"1602741561-266","https://phonesellbd.com/","Feature Phones","https://phonesellbd.com/product-category/feature-phones/","Apple","https://phonesellbd.com/product-category/smartphone/apple/","Apple IPad Pro 11 (2020) 256GB Wi-Fi + Cellular","https://phonesellbd.com/shop/apple-ipad-pro-11-2020-256gb-wi-fi-cellular/","Apple IPad Pro 11 (2020) 256GB Wi-Fi + Cellular","৳ 119,990.00","","There are no reviews yet."
"1602740966-179","https://phonesellbd.com/","Feature Phones","https://phonesellbd.com/product-category/feature-phones/","Wireless Headphone","https://phonesellbd.com/product-category/earphones-headphones/wireless-headphone/","Awei X660BL Quad-core Necked Magnetic Bluetooth Earphone","https://phonesellbd.com/shop/awei-x660bl-quad-core-necked-magnetic-bluetooth-earphone/","Awei X660BL Quad-core Necked Magnetic Bluetooth Earphone","৳ 1,690.00","https://phonesellbd.com/wp-content/uploads/2020/09/awei-x660bl-quad-core-necked-magnetic-bluetooth-earphone.jpg","There are no reviews yet."
"1602740815-159","https://phonesellbd.com/","Feature Phones","https://phonesellbd.com/product-category/feature-phones/","Samsung Samratwatch","https://phonesellbd.com/product-category/smartwatch/samsung-smartwatch/","SAMSUNG GALAXY WATCH 46MM","https://phonesellbd.com/shop/samsung-galaxy-watch-46mm/","SAMSUNG GALAXY WATCH 46MM","৳ 22,990.00","https://phonesellbd.com/wp-content/uploads/2019/07/Galaxy_watch_46MM.jpg","There are no reviews yet."
"1602741468-254","https://phonesellbd.com/","Feature Phones","https://phonesellbd.com/product-category/feature-phones/","Xiaomi","https://phonesellbd.com/product-category/smartphone/xiaomi/","POCO X2 6GB 128GB","https://phonesellbd.com/shop/poco-x2-6gb-128gb/","POCO X2 6GB 128GB","৳ 25,990.00","","There are no reviews yet."
"1602740940-175","https://phonesellbd.com/","Feature Phones","https://phonesellbd.com/product-category/feature-phones/","Wireless Headphone","https://phonesellbd.com/product-category/earphones-headphones/wireless-headphone/","OnePlus Bullets Wireless Z","https://phonesellbd.com/shop/oneplus-bullets-wireless-z/","OnePlus Bullets Wireless Z","৳ 3,390.00","https://phonesellbd.com/wp-content/uploads/2020/07/Oneplus-bullets-wereless-z.jpg","There are no reviews yet."
"1602740953-177","https://phonesellbd.com/","Feature Phones","https://phonesellbd.com/product-category/feature-phones/","Wireless Headphone","https://phonesellbd.com/product-category/earphones-headphones/wireless-headphone/","Huawei FreeBuds Lite","https://phonesellbd.com/shop/huawei-freebuds-lite/","Huawei FreeBuds Lite","৳ 6,990.00","https://phonesellbd.com/wp-content/uploads/2019/08/Huawei_Freebuds_Lite.jpg","There are no reviews yet."
"1602741075-196","https://phonesellbd.com/","Feature Phones","https://phonesellbd.com/product-category/feature-phones/","Huawei","https://phonesellbd.com/product-category/smartphone/huawei/","HUAWEI Y5 PRIME 2GB 16GB (Official)","https://phonesellbd.com/shop/huawei-y5-prime-2gb-16gb-official/","HUAWEI Y5 PRIME 2GB 16GB (Official)","৳ 8,590.00","https://phonesellbd.com/wp-content/uploads/2020/04/Huawei-Y5-Prime.jpg","There are no reviews yet."
"1602741297-232","https://phonesellbd.com/","Feature Phones","https://phonesellbd.com/product-category/feature-phones/","Samsung","https://phonesellbd.com/product-category/smartphone/samsung/","Samsung Galaxy S20 Ultra 5G 12GB 128GB","https://phonesellbd.com/shop/samsung-galaxy-s20-ultra-5g-12gb-128gb/","Samsung Galaxy S20 Ultra 5G 12GB 128GB","৳ 99,990.00","https://phonesellbd.com/wp-content/uploads/2020/07/galaxy-s20-ultra.jpg","There are no reviews yet."
"1602741354-242","https://phonesellbd.com/","Feature Phones","https://phonesellbd.com/product-category/feature-phones/","Samsung","https://phonesellbd.com/product-category/smartphone/samsung/","SAMSUNG GALAXY A30 (Official)","https://phonesellbd.com/shop/samsung-galaxy-a30-4gb-64gb/","SAMSUNG GALAXY A30 (Official)","৳ 22,990.00","https://phonesellbd.com/wp-content/uploads/2019/05/samsung_galaxy_a30.jpg","There are no reviews yet."
"1602741344-240","https://phonesellbd.com/","Feature Phones","https://phonesellbd.com/product-category/feature-phones/","Samsung","https://phonesellbd.com/product-category/smartphone/samsung/","SAMSUNG GALAXY A50 6GB 128GB","https://phonesellbd.com/shop/samsung-galaxy-a50-6gb-128gb/","SAMSUNG GALAXY A50 6GB 128GB","৳ 23,990.00","https://phonesellbd.com/wp-content/uploads/2019/05/Galaxy_A50.jpg","There are no reviews yet."
"1602740681-140","https://phonesellbd.com/","Feature Phones","https://phonesellbd.com/product-category/feature-phones/","Nokia Feature Phones","https://phonesellbd.com/product-category/feature-phones/nokia-feature-phones/","Nokia 5310 (2020)","https://phonesellbd.com/shop/nokia-5310-2020/","Nokia 5310 (2020)","৳ 4,090.00","","There are no reviews yet."
"1602740808-158","https://phonesellbd.com/","Feature Phones","https://phonesellbd.com/product-category/feature-phones/","Samsung Samratwatch","https://phonesellbd.com/product-category/smartwatch/samsung-smartwatch/","SAMSUNG GALAXY WATCH ACTIVE","https://phonesellbd.com/shop/samsung-galaxy-watch-active/","SAMSUNG GALAXY WATCH ACTIVE","৳ 18,990.00","https://phonesellbd.com/wp-content/uploads/2019/07/Galaxy_watch_Activ.jpg","There are no reviews yet."
"1602741265-227","https://phonesellbd.com/","Feature Phones","https://phonesellbd.com/product-category/feature-phones/","Oneplus","https://phonesellbd.com/product-category/smartphone/oneplus/","ONEPLUS 7T 8GB 256GB","https://phonesellbd.com/shop/oneplus-7t/","ONEPLUS 7T 8GB 256GB","৳ 52,990.00","https://phonesellbd.com/wp-content/uploads/2019/12/Oneplus-7T.jpg","There are no reviews yet."
"1602741104-202","https://phonesellbd.com/","Feature Phones","https://phonesellbd.com/product-category/feature-phones/","Huawei","https://phonesellbd.com/product-category/smartphone/huawei/","HUAWEI P30 8GB 128GB (Official)","https://phonesellbd.com/shop/huawei-p30-8gb-128gb/","HUAWEI P30 8GB 128GB (Official)","৳ 52,990.00","https://phonesellbd.com/wp-content/uploads/2019/05/Huawei_p30_pro_1.jpg","There are no reviews yet."
"1602741234-222","https://phonesellbd.com/","Feature Phones","https://phonesellbd.com/product-category/feature-phones/","Oneplus","https://phonesellbd.com/product-category/smartphone/oneplus/","OnePlus 8 Pro 12GB 256GB","https://phonesellbd.com/shop/oneplus-8-pro-12gb-256gb/","OnePlus 8 Pro 12GB 256GB","৳ 79,990.00","https://phonesellbd.com/wp-content/uploads/2020/07/Oneplus-8pro-1.jpg","There are no reviews yet."
"1602740991-183","https://phonesellbd.com/","Feature Phones","https://phonesellbd.com/product-category/feature-phones/","Earphone","https://phonesellbd.com/product-category/earphones-headphones/earphone/","Plextone G25 Gaming Earphones","https://phonesellbd.com/shop/plextone-g25-gaming-earphones/","Plextone G25 Gaming Earphones","৳ 1,280.00","https://phonesellbd.com/wp-content/uploads/2020/07/Plextone-G25-1.jpg","There are no reviews yet."
"1602741061-193","https://phonesellbd.com/","Feature Phones","https://phonesellbd.com/product-category/feature-phones/","Huawei","https://phonesellbd.com/product-category/smartphone/huawei/","HUAWEI Y7 PRO 3GB 32GB (Official)","https://phonesellbd.com/shop/huawei-y7-pro-3gb-32gb-official/","HUAWEI Y7 PRO 3GB 32GB (Official)","৳ 16,990.00","https://phonesellbd.com/wp-content/uploads/2020/04/Huawei-Y7-Pro.jpg","There are no reviews yet."
"1602740750-151","https://phonesellbd.com/","Feature Phones","https://phonesellbd.com/product-category/feature-phones/","Apple Watch","https://phonesellbd.com/product-category/smartwatch/apple-watch/","APPLE WATCH SERIES 5 Nike Plus","https://phonesellbd.com/shop/apple-watch-series-5-nike-plus/","APPLE WATCH SERIES 5 Nike Plus","৳ 43,490.00","https://phonesellbd.com/wp-content/uploads/2019/11/apple-watch-serise4-44mm-nike-plus-3.jpg","There are no reviews yet."
"1602741323-236","https://phonesellbd.com/","Feature Phones","https://phonesellbd.com/product-category/feature-phones/","Samsung","https://phonesellbd.com/product-category/smartphone/samsung/","SAMSUNG GALAXY NOTE 10Plus 12GB 256GB (Official)","https://phonesellbd.com/shop/samsung-galaxy-note-10plussingle-sim/","SAMSUNG GALAXY NOTE 10Plus 12GB 256GB (Official)","৳ 110,990.00","https://phonesellbd.com/wp-content/uploads/2019/08/Galaxy-Note-10.jpg","There are no reviews yet."
"1602741130-206","https://phonesellbd.com/","Feature Phones","https://phonesellbd.com/product-category/feature-phones/","Oppo","https://phonesellbd.com/product-category/smartphone/oppo/","Oppo F17 4 8GB 128GB (Official)","https://phonesellbd.com/shop/oppo-f17-4-8gb-128gb-official/","Oppo F17 4 8GB 128GB (Official)","৳ 27,990.00","https://phonesellbd.com/wp-content/uploads/2020/09/oppo-f17-4-8gb-128gb-3.jpg","There are no reviews yet."
"1602740866-164","https://phonesellbd.com/","Feature Phones","https://phonesellbd.com/product-category/feature-phones/","Mobile Case & Cover","https://phonesellbd.com/product-category/mobile-accessories/mobile-case-cover/","Ferrari Cover For Iphone","https://phonesellbd.com/shop/ferrari-cover-for-iphone/","Ferrari Cover For Iphone","৳ 2,190.00","https://phonesellbd.com/wp-content/uploads/2019/09/Ferrari-Cover-For-Iphone-2.jpg","There are no reviews yet."
"1602741170-212","https://phonesellbd.com/","Feature Phones","https://phonesellbd.com/product-category/feature-phones/","Google","https://phonesellbd.com/product-category/smartphone/google/","GOOGLE PIXEL3 128GB","https://phonesellbd.com/shop/google-pixel3-128gb/","GOOGLE PIXEL3 128GB","৳ 72,000.00","https://phonesellbd.com/wp-content/uploads/2019/06/Google-Pixel-3.jpg","There are no reviews yet."
"1602741317-235","https://phonesellbd.com/","Feature Phones","https://phonesellbd.com/product-category/feature-phones/","Samsung","https://phonesellbd.com/product-category/smartphone/samsung/","SAMSUNG GALAXY NOTE 10Plus 12GB 256GB(4G)","https://phonesellbd.com/shop/samsung-galaxy-note-10plusdual-sim/","SAMSUNG GALAXY NOTE 10Plus 12GB 256GB(4G)","৳ 79,990.00","https://phonesellbd.com/wp-content/uploads/2019/08/Galaxy-Note10-Plus-2.jpg","There are no reviews yet."
"1602741190-216","https://phonesellbd.com/","Feature Phones","https://phonesellbd.com/product-category/feature-phones/","Google","https://phonesellbd.com/product-category/smartphone/google/","GOOGLE PIXEL 3 64GB","https://phonesellbd.com/shop/google-pixel-3-64gb/","GOOGLE PIXEL 3 64GB","৳ 62,000.00","https://phonesellbd.com/wp-content/uploads/2019/06/Google-Pixel-3_1.jpg","There are no reviews yet."
"1602741339-239","https://phonesellbd.com/","Feature Phones","https://phonesellbd.com/product-category/feature-phones/","Samsung","https://phonesellbd.com/product-category/smartphone/samsung/","SAMSUNG GALAXY A51 6GB 128GB (Official)","https://phonesellbd.com/shop/samsung-galaxy-a51-6gb-128gb-official/","SAMSUNG GALAXY A51 6GB 128GB (Official)","৳ 27,490.00","https://phonesellbd.com/wp-content/uploads/2020/02/Galaxy-A51.jpg","There are no reviews yet."
"1602740904-169","https://phonesellbd.com/","Feature Phones","https://phonesellbd.com/product-category/feature-phones/","Wireless Headphone","https://phonesellbd.com/product-category/earphones-headphones/wireless-headphone/","Samsung Galaxy Buds Plus","https://phonesellbd.com/shop/samsung-galaxy-buds-plus/","Samsung Galaxy Buds Plus","৳ 13,990.00","https://phonesellbd.com/wp-content/uploads/2020/03/galaxy-buds-plus.jpg","There are no reviews yet."
"1602740689-142","https://phonesellbd.com/","Feature Phones","https://phonesellbd.com/product-category/feature-phones/","Nokia Feature Phones","https://phonesellbd.com/product-category/feature-phones/nokia-feature-phones/","NOKIA 106 (2018)","https://phonesellbd.com/shop/nokia-106-2018/","NOKIA 106 (2018)","৳ 1,590.00","","There are no reviews yet."
"1602741387-246","https://phonesellbd.com/","Feature Phones","https://phonesellbd.com/product-category/feature-phones/","Xiaomi","https://phonesellbd.com/product-category/smartphone/xiaomi/","XIAOMI MI 9T 6GB 64GB","https://phonesellbd.com/shop/xiaomi-mi-9t-6gb-64gb/","XIAOMI MI 9T 6GB 64GB","৳ 27,990.00","","There are no reviews yet."
"1602741379-245","https://phonesellbd.com/","Feature Phones","https://phonesellbd.com/product-category/feature-phones/","Xiaomi","https://phonesellbd.com/product-category/smartphone/xiaomi/","XIAOMI MI 9T PRO 6GB 128GB","https://phonesellbd.com/shop/xiaomi-mi-9t-pro/","XIAOMI MI 9T PRO 6GB 128GB","৳ 34,490.00","https://phonesellbd.com/wp-content/uploads/2019/10/Mi-9T-Pro-2.jpg","There are no reviews yet."
"1602741066-194","https://phonesellbd.com/","Feature Phones","https://phonesellbd.com/product-category/feature-phones/","Huawei","https://phonesellbd.com/product-category/smartphone/huawei/","HUAWEI Y6S 3GB 32GB (Official)","https://phonesellbd.com/shop/huawei-y6s-3gb-32gb-official/","HUAWEI Y6S 3GB 32GB (Official)","৳ 12,990.00","https://phonesellbd.com/wp-content/uploads/2020/04/Huawei-Y6S.jpg","There are no reviews yet."
"1602740997-184","https://phonesellbd.com/","Feature Phones","https://phonesellbd.com/product-category/feature-phones/","Earphone","https://phonesellbd.com/product-category/earphones-headphones/earphone/","PLEXTONE G20 In-ear Earphone","https://phonesellbd.com/shop/plextone-g20-in-ear-earphone/","PLEXTONE G20 In-ear Earphone","৳ 1,080.00","https://phonesellbd.com/wp-content/uploads/2020/07/Plextone-G20.jpg","There are no reviews yet."
"1602741148-209","https://phonesellbd.com/","Feature Phones","https://phonesellbd.com/product-category/feature-phones/","Oppo","https://phonesellbd.com/product-category/smartphone/oppo/","Oppo A31-2020 4GB 128GB (Official)","https://phonesellbd.com/shop/oppo-a31-2020-4gb-128gb-official/","Oppo A31-2020 4GB 128GB (Official)","৳ 16,990.00","https://phonesellbd.com/wp-content/uploads/2020/06/Oppo-a31.jpg","There are no reviews yet."
"1602741520-260","https://phonesellbd.com/","Feature Phones","https://phonesellbd.com/product-category/feature-phones/","Apple","https://phonesellbd.com/product-category/smartphone/apple/","Apple IPhone 11 Pro 64GB","https://phonesellbd.com/shop/apple-iphone-11-pro-64gb/","Apple IPhone 11 Pro 64GB","৳ 97,990.00","","There are no reviews yet."
"1602741029-189","https://phonesellbd.com/","Feature Phones","https://phonesellbd.com/product-category/feature-phones/","Earphone","https://phonesellbd.com/product-category/earphones-headphones/earphone/","JBL Tune T110 In-Ear Headphone","https://phonesellbd.com/shop/jbl-tune-t110-in-ear-headphone/","JBL Tune T110 In-Ear Headphone","৳ 1,350.00","https://phonesellbd.com/wp-content/uploads/2020/08/JBL-Tune-T110-1.jpg","There are no reviews yet."
"1602740737-150","https://phonesellbd.com/","Feature Phones","https://phonesellbd.com/product-category/feature-phones/","Others Smartwatch","https://phonesellbd.com/product-category/smartwatch/others-smartwatch/","AMAZFIT GTR 47mm Smart Watch","https://phonesellbd.com/shop/amazfit-gtr-47mm-smart-watch/","AMAZFIT GTR 47mm Smart Watch","৳ 12,990.00","https://phonesellbd.com/wp-content/uploads/2019/10/Amazfit-GTR.jpg","There are no reviews yet."
"1602741239-223","https://phonesellbd.com/","Feature Phones","https://phonesellbd.com/product-category/feature-phones/","Oneplus","https://phonesellbd.com/product-category/smartphone/oneplus/","OnePlus 8 8GB 128GB","https://phonesellbd.com/shop/oneplus-8-8gb-128gb-2/","OnePlus 8 8GB 128GB","৳ 62,990.00","https://phonesellbd.com/wp-content/uploads/2020/07/oneplus-8-12gb-256gb-1.jpg","There are no reviews yet."
"1602741002-185","https://phonesellbd.com/","Feature Phones","https://phonesellbd.com/product-category/feature-phones/","Earphone","https://phonesellbd.com/product-category/earphones-headphones/earphone/","Plextone G2 Led Lighting Gaming Wireless Earphone","https://phonesellbd.com/shop/plextone-g2-led-lighting-gaming-wireless-earphone/","Plextone G2 Led Lighting Gaming Wireless Earphone","৳ 1,790.00","https://phonesellbd.com/wp-content/uploads/2020/07/Plextone-G2.jpg","There are no reviews yet."
"1602740795-156","https://phonesellbd.com/","Feature Phones","https://phonesellbd.com/product-category/feature-phones/","Samsung Samratwatch","https://phonesellbd.com/product-category/smartwatch/samsung-smartwatch/","Samsung Gear S3 Frontier","https://phonesellbd.com/shop/samsung-gear-s3-frontier-smart-watch/","Samsung Gear S3 Frontier","৳ 19,990.00","https://phonesellbd.com/wp-content/uploads/2019/07/Samsung_Gear_s3_Frontier.jpg","There are no reviews yet."
"1602741434-251","https://phonesellbd.com/","Feature Phones","https://phonesellbd.com/product-category/feature-phones/","Xiaomi","https://phonesellbd.com/product-category/smartphone/xiaomi/","Redmi Note 9 Pro Max 6GB 128GB","https://phonesellbd.com/shop/redmi-note-9-pro-max-6gb-128gb/","Redmi Note 9 Pro Max 6GB 128GB","৳ 25,990.00","","There are no reviews yet."
"1602741334-238","https://phonesellbd.com/","Feature Phones","https://phonesellbd.com/product-category/feature-phones/","Samsung","https://phonesellbd.com/product-category/smartphone/samsung/","Samsung Galaxy A71 8GB 128GB","https://phonesellbd.com/shop/samsung-galaxy-a71-8gb-128gb/","Samsung Galaxy A71 8GB 128GB","৳ 36,990.00","https://phonesellbd.com/wp-content/uploads/2020/09/galaxy-a71-2.jpg","There are no reviews yet."
"1602740733-149","https://phonesellbd.com/","Feature Phones","https://phonesellbd.com/product-category/feature-phones/","Others Smartwatch","https://phonesellbd.com/product-category/smartwatch/others-smartwatch/","AMAZFIT GTS 1.65 inch AMOLED Display","https://phonesellbd.com/shop/amazfit-gts-1-65-inch-amoled-display/","AMAZFIT GTS 1.65 inch AMOLED Display","৳ 13,490.00","https://phonesellbd.com/wp-content/uploads/2020/01/Amazfit-GTS.png","There are no reviews yet."
"1602741394-247","https://phonesellbd.com/","Feature Phones","https://phonesellbd.com/product-category/feature-phones/","Xiaomi","https://phonesellbd.com/product-category/smartphone/xiaomi/","XIAOMI MI 9T 6GB 128GB","https://phonesellbd.com/shop/xiaomi-mi-9t-6gb-128gb/","XIAOMI MI 9T 6GB 128GB","৳ 30,490.00","","There are no reviews yet."
"1602740910-170","https://phonesellbd.com/","Feature Phones","https://phonesellbd.com/product-category/feature-phones/","Wireless Headphone","https://phonesellbd.com/product-category/earphones-headphones/wireless-headphone/","Remax 195HB Headphone","https://phonesellbd.com/shop/remax-195hb-headphone/","Remax 195HB Headphone","৳ 2,290.00","https://phonesellbd.com/wp-content/uploads/2019/12/Remax-195HB.jpg","There are no reviews yet."
"1602741047-192","https://phonesellbd.com/","Feature Phones","https://phonesellbd.com/product-category/feature-phones/","Earphone","https://phonesellbd.com/product-category/earphones-headphones/earphone/","BASEUS Encok S11 Neckband In-ear Bluetooth Sports Earphone","https://phonesellbd.com/shop/baseus-encok-s11-neckband-in-ear-bluetooth-sports-earphone/","BASEUS Encok S11 Neckband In-ear Bluetooth Sports Earphone","৳ 1,450.00","https://phonesellbd.com/wp-content/uploads/2019/05/Baseus_s11.jpg","There are no reviews yet."
"1602741135-207","https://phonesellbd.com/","Feature Phones","https://phonesellbd.com/product-category/feature-phones/","Oppo","https://phonesellbd.com/product-category/smartphone/oppo/","Oppo A92 8GB 128GB (Offcial)","https://phonesellbd.com/shop/oppo-a92-8gb-128gb-offcial/","Oppo A92 8GB 128GB (Offcial)","৳ 20,990.00","https://phonesellbd.com/wp-content/uploads/2020/09/oppo-a92-8gb-128gb-offcial-2.jpg","There are no reviews yet."
"1602740726-148","https://phonesellbd.com/","Feature Phones","https://phonesellbd.com/product-category/feature-phones/","Others Smartwatch","https://phonesellbd.com/product-category/smartwatch/others-smartwatch/","Microwear W34 Smartwatch","https://phonesellbd.com/shop/microwear-w34-smartwatch/","Microwear W34 Smartwatch","৳ 1,850.00","https://phonesellbd.com/wp-content/uploads/2019/11/Microwear-W34-2.jpg","There are no reviews yet."
"1602741085-198","https://phonesellbd.com/","Feature Phones","https://phonesellbd.com/product-category/feature-phones/","Huawei","https://phonesellbd.com/product-category/smartphone/huawei/","HUAWEI Y5 2GB 32GB (Official)","https://phonesellbd.com/shop/huawei-y5-2gb-32gb-official/","HUAWEI Y5 2GB 32GB (Official)","৳ 10,990.00","https://phonesellbd.com/wp-content/uploads/2020/04/Huawei-Y5-1.jpg","There are no reviews yet."
"1602741349-241","https://phonesellbd.com/","Feature Phones","https://phonesellbd.com/product-category/feature-phones/","Samsung","https://phonesellbd.com/product-category/smartphone/samsung/","Samsung Galaxy A31 6GB 128GB (Official)","https://phonesellbd.com/shop/samsung-galaxy-a31-6gb-128gb-official/","Samsung Galaxy A31 6GB 128GB (Official)","৳ 23,990.00","https://phonesellbd.com/wp-content/uploads/2020/10/samsung-galaxy-a31-6gb-128gb.jpg","There are no reviews yet."
"1602740685-141","https://phonesellbd.com/","Feature Phones","https://phonesellbd.com/product-category/feature-phones/","Nokia Feature Phones","https://phonesellbd.com/product-category/feature-phones/nokia-feature-phones/","Nokia 220 (2019)","https://phonesellbd.com/shop/nokia-220-2019/","Nokia 220 (2019)","৳ 3,990.00","","There are no reviews yet."
"1602740986-182","https://phonesellbd.com/","Feature Phones","https://phonesellbd.com/product-category/feature-phones/","Earphone","https://phonesellbd.com/product-category/earphones-headphones/earphone/","PLEXTONE G30 Noise Cancelling Gaming Earphone","https://phonesellbd.com/shop/plextone-g30-noise-cancelling-gaming-earphone/","PLEXTONE G30 Noise Cancelling Gaming Earphone","৳ 1,690.00","https://phonesellbd.com/wp-content/uploads/2020/07/Plextone-g30.jpg","There are no reviews yet."
"1602741141-208","https://phonesellbd.com/","Feature Phones","https://phonesellbd.com/product-category/feature-phones/","Oppo","https://phonesellbd.com/product-category/smartphone/oppo/","Oppo A52 4GB 128GB (Offcial)","https://phonesellbd.com/shop/oppo-a52-4gb-128gb-offcial/","Oppo A52 4GB 128GB (Offcial)","৳ 19,990.00","https://phonesellbd.com/wp-content/uploads/2020/09/oppo-a52-4gb-128gb.jpg","There are no reviews yet."
"1602740769-154","https://phonesellbd.com/","Feature Phones","https://phonesellbd.com/product-category/feature-phones/","Apple Watch","https://phonesellbd.com/product-category/smartwatch/apple-watch/","Apple watch Series 4 44MM","https://phonesellbd.com/shop/apple-watch-series-4-44mm/","Apple watch Series 4 44MM","৳ 41,990.00","https://phonesellbd.com/wp-content/uploads/2019/10/apple-watch-serise4-44mm-2.jpg","There are no reviews yet."
"1602741043-191","https://phonesellbd.com/","Feature Phones","https://phonesellbd.com/product-category/feature-phones/","Earphone","https://phonesellbd.com/product-category/earphones-headphones/earphone/","Baseus S06 Bluetooth Headphone","https://phonesellbd.com/shop/baseus-s06-bluetooth-headphone/","Baseus S06 Bluetooth Headphone","৳ 1,750.00","https://phonesellbd.com/wp-content/uploads/2019/05/Baseus_S06.jpg","null"
"1602740780-155","https://phonesellbd.com/","Feature Phones","https://phonesellbd.com/product-category/feature-phones/","Huawei Smartwatch","https://phonesellbd.com/product-category/smartwatch/huawei-smartwatch/","Huawei Honor Band 5","https://phonesellbd.com/shop/huawei-honor-band-5/","Huawei Honor Band 5","৳ 2,850.00","https://phonesellbd.com/wp-content/uploads/2019/11/Huawei-Honor-Band5.jpg","There are no reviews yet."
"1602741426-250","https://phonesellbd.com/","Feature Phones","https://phonesellbd.com/product-category/feature-phones/","Xiaomi","https://phonesellbd.com/product-category/smartphone/xiaomi/","Redmi Note 9 Pro Max 6GB 64GB","https://phonesellbd.com/shop/redmi-note-9-pro-max-6gb-64gb/","Redmi Note 9 Pro Max 6GB 64GB","৳ 24,990.00","","There are no reviews yet."
"1602741453-252","https://phonesellbd.com/","Feature Phones","https://phonesellbd.com/product-category/feature-phones/","Xiaomi","https://phonesellbd.com/product-category/smartphone/xiaomi/","POCO X2 8GB 256GB","https://phonesellbd.com/shop/poco-x2-8gb-256gb/","POCO X2 8GB 256GB","৳ 30,490.00","","There are no reviews yet."
"1602740874-165","https://phonesellbd.com/","Feature Phones","https://phonesellbd.com/product-category/feature-phones/","Charger & Power Bank","https://phonesellbd.com/product-category/mobile-accessories/charger-power-bank/","Samsung Wireless Charger 10,000 mAh Portable Battery","https://phonesellbd.com/shop/samsung-wireless-charger-10000-mah-portable-battery/","Samsung Wireless Charger 10,000 mAh Portable Battery","৳ 3,490.00","https://phonesellbd.com/wp-content/uploads/2019/08/Samsung_Power_bank_2.jpg","There are no reviews yet."
"1602741499-256","https://phonesellbd.com/","Feature Phones","https://phonesellbd.com/product-category/feature-phones/","Apple","https://phonesellbd.com/product-category/smartphone/apple/","Apple IPhone SE 128GB (Official)","https://phonesellbd.com/shop/apple-iphone-se-128gb-official/","Apple IPhone SE 128GB (Official)","৳ 57,990.00","","There are no reviews yet."
"1602741461-253","https://phonesellbd.com/","Feature Phones","https://phonesellbd.com/product-category/feature-phones/","Xiaomi","https://phonesellbd.com/product-category/smartphone/xiaomi/","POCO X2 6GB 64GB","https://phonesellbd.com/shop/poco-x2-6gb-64gb/","POCO X2 6GB 64GB","৳ 24,990.00","","There are no reviews yet."
"1602740891-168","https://phonesellbd.com/","Feature Phones","https://phonesellbd.com/product-category/feature-phones/","Cables & Converters","https://phonesellbd.com/product-category/mobile-accessories/cables-converters/","Lightning to USB Cable (1 m)","https://phonesellbd.com/shop/lightning-to-usb-cable-1-m/","Lightning to USB Cable (1 m)","৳ 1,600.00","https://phonesellbd.com/wp-content/uploads/2020/09/lightning-to-usb-cable-1-m.jpg","There are no reviews yet."
"1602741204-218","https://phonesellbd.com/","Feature Phones","https://phonesellbd.com/product-category/feature-phones/","Asus","https://phonesellbd.com/product-category/smartphone/asus/","ASUS ROG PHONE II 8GB 128GB","https://phonesellbd.com/shop/asus-rog-phone-ii-8gb-128gb/","ASUS ROG PHONE II 8GB 128GB","৳ 53,990.00","https://phonesellbd.com/wp-content/uploads/2020/01/Asus-Rog-2.jpg","There are no reviews yet."
"1602741099-201","https://phonesellbd.com/","Feature Phones","https://phonesellbd.com/product-category/feature-phones/","Huawei","https://phonesellbd.com/product-category/smartphone/huawei/","HUAWEI P30 LITE 6GB 128GB (Official)","https://phonesellbd.com/shop/huawei-p30-lite-6gb-128gb-official/","HUAWEI P30 LITE 6GB 128GB (Official)","৳ 26,990.00","https://phonesellbd.com/wp-content/uploads/2020/04/Huawei-P30lite-1.jpg","There are no reviews yet."
"1602741270-228","https://phonesellbd.com/","Feature Phones","https://phonesellbd.com/product-category/feature-phones/","Oneplus","https://phonesellbd.com/product-category/smartphone/oneplus/","ONEPLUS 7 PRO 8GB 256GB","https://phonesellbd.com/shop/oneplus-7-pro-8gb-256gb/","ONEPLUS 7 PRO 8GB 256GB","৳ 58,490.00","https://phonesellbd.com/wp-content/uploads/2019/05/Oneplus_7pro.jpg","null"
"1602740694-143","https://phonesellbd.com/","Feature Phones","https://phonesellbd.com/product-category/feature-phones/","Nokia Feature Phones","https://phonesellbd.com/product-category/feature-phones/nokia-feature-phones/","NOKIA 105 (2019)","https://phonesellbd.com/shop/nokia-105-2019/","NOKIA 105 (2019)","৳ 1,490.00","","There are no reviews yet."
"1602740878-166","https://phonesellbd.com/","Feature Phones","https://phonesellbd.com/product-category/feature-phones/","Charger & Power Bank","https://phonesellbd.com/product-category/mobile-accessories/charger-power-bank/","Apple 18W USB-C Power Adapter","https://phonesellbd.com/shop/apple-18w-usb-c-power-adapter/","Apple 18W USB-C Power Adapter","৳ 2,790.00","https://phonesellbd.com/wp-content/uploads/2020/09/apple-18w-usb-c-power-adapter.jpg","There are no reviews yet."
"1602740886-167","https://phonesellbd.com/","Feature Phones","https://phonesellbd.com/product-category/feature-phones/","Cables & Converters","https://phonesellbd.com/product-category/mobile-accessories/cables-converters/","OnePlus Type-C to 3.5mm adapter","https://phonesellbd.com/shop/oneplus-type-c-to-3-5mm-adapter/","OnePlus Type-C to 3.5mm adapter","৳ 400.00","https://phonesellbd.com/wp-content/uploads/2019/09/Oneplus-Headphone-Dongle.jpg","There are no reviews yet."
"1602741215-219","https://phonesellbd.com/","Feature Phones","https://phonesellbd.com/product-category/feature-phones/","Oneplus","https://phonesellbd.com/product-category/smartphone/oneplus/","Oneplus Nord 8GB 128GB","https://phonesellbd.com/shop/oneplus-nord-8gb-128gb/","Oneplus Nord 8GB 128GB","৳ 35,990.00","https://phonesellbd.com/wp-content/uploads/2020/08/Oneplus-nord.jpg","There are no reviews yet."
"1602740947-176","https://phonesellbd.com/","Feature Phones","https://phonesellbd.com/product-category/feature-phones/","Wireless Headphone","https://phonesellbd.com/product-category/earphones-headphones/wireless-headphone/","ipipoo EP – 2 Wireless Stereo Headset","https://phonesellbd.com/shop/ipipoo-ep-2-wireless-stereo-headset/","ipipoo EP – 2 Wireless Stereo Headset","৳ 1,650.00","https://phonesellbd.com/wp-content/uploads/2019/12/ipipoo-EP2.jpg","There are no reviews yet."
"1602741220-220","https://phonesellbd.com/","Feature Phones","https://phonesellbd.com/product-category/feature-phones/","Oneplus","https://phonesellbd.com/product-category/smartphone/oneplus/","Oneplus Nord 12GB 256GB","https://phonesellbd.com/shop/oneplus-nord-12gb-256gb/","Oneplus Nord 12GB 256GB","৳ 38,990.00","https://phonesellbd.com/wp-content/uploads/2020/08/Oneplus-nord-1.jpg","There are no reviews yet."
"1602740715-146","https://phonesellbd.com/","Feature Phones","https://phonesellbd.com/product-category/feature-phones/","Others Smartwatch","https://phonesellbd.com/product-category/smartwatch/others-smartwatch/","Original Microwear L7 Smartwatch","https://phonesellbd.com/shop/original-microwear-l7-smartwatch/","Original Microwear L7 Smartwatch","৳ 3,350.00","https://phonesellbd.com/wp-content/uploads/2019/09/Microwear-l7-4.jpg","There are no reviews yet."
"1602741035-190","https://phonesellbd.com/","Feature Phones","https://phonesellbd.com/product-category/feature-phones/","Earphone","https://phonesellbd.com/product-category/earphones-headphones/earphone/","JBL Original Endurance SPRINT Wireless Bluetooth Headphone","https://phonesellbd.com/shop/jbl-original-endurance-sprint-wireless-bluetooth-headphone/","JBL Original Endurance SPRINT Wireless Bluetooth Headphone","৳ 5,350.00","https://phonesellbd.com/wp-content/uploads/2019/09/JBL-Sprint-3.jpg","There are no reviews yet."
"1602740757-152","https://phonesellbd.com/","Feature Phones","https://phonesellbd.com/product-category/feature-phones/","Apple Watch","https://phonesellbd.com/product-category/smartwatch/apple-watch/","APPLE WATCH SERIES 5 44mm","https://phonesellbd.com/shop/apple-watch-series-5-44mm/","APPLE WATCH SERIES 5 44mm","৳ 44,990.00","https://phonesellbd.com/wp-content/uploads/2019/09/Apple-watch-5-44mm.jpg","There are no reviews yet."
"1602741516-259","https://phonesellbd.com/","Feature Phones","https://phonesellbd.com/product-category/feature-phones/","Apple","https://phonesellbd.com/product-category/smartphone/apple/","APPLE IPHONE 11 PRO MAX 256GB","https://phonesellbd.com/shop/apple-iphone-11-pro-max-256gb/","APPLE IPHONE 11 PRO MAX 256GB","৳ 135,000.00","","There are no reviews yet."
"1602741410-249","https://phonesellbd.com/","Feature Phones","https://phonesellbd.com/product-category/feature-phones/","Xiaomi","https://phonesellbd.com/product-category/smartphone/xiaomi/","XIAOMI MI 9 LITE 6GB128GB","https://phonesellbd.com/shop/xiaomi-mi-9-lite/","XIAOMI MI 9 LITE 6GB128GB","৳ 23,990.00","","There are no reviews yet."
"1602741071-195","https://phonesellbd.com/","Feature Phones","https://phonesellbd.com/product-category/feature-phones/","Huawei","https://phonesellbd.com/product-category/smartphone/huawei/","HUAWEI Y6 PRO 3GB 32GB (Official)","https://phonesellbd.com/shop/huawei-y6-pro-3gb-32gb-official/","HUAWEI Y6 PRO 3GB 32GB (Official)","৳ 12,990.00","https://phonesellbd.com/wp-content/uploads/2020/04/Huawei-Y6-Pro-2.jpg","There are no reviews yet."
"1602740800-157","https://phonesellbd.com/","Feature Phones","https://phonesellbd.com/product-category/feature-phones/","Samsung Samratwatch","https://phonesellbd.com/product-category/smartwatch/samsung-smartwatch/","SAMSUNG GALAXY WATCH ACTIVE 2","https://phonesellbd.com/shop/samsung-galaxy-watch-active-2/","SAMSUNG GALAXY WATCH ACTIVE 2","৳ 25,490.00","https://phonesellbd.com/wp-content/uploads/2019/11/Galaxy-watch-active-2.jpg","There are no reviews yet."
"1602740720-147","https://phonesellbd.com/","Feature Phones","https://phonesellbd.com/product-category/feature-phones/","Others Smartwatch","https://phonesellbd.com/product-category/smartwatch/others-smartwatch/","Microwear W54 Smartwatch","https://phonesellbd.com/shop/microwear-w54-smartwatch/","Microwear W54 Smartwatch","৳ 4,990.00","https://phonesellbd.com/wp-content/uploads/2019/11/microwear-w54.jpg","There are no reviews yet."
"1602740840-162","https://phonesellbd.com/","Feature Phones","https://phonesellbd.com/product-category/feature-phones/","Xiaomi Samratwatch","https://phonesellbd.com/product-category/smartwatch/xiaomi-smartwatch/","Amazfit Stratos Smart Watch","https://phonesellbd.com/shop/amazfit-stratos-smart-watch/","Amazfit Stratos Smart Watch","৳ 15,990.00","https://phonesellbd.com/wp-content/uploads/2019/11/Amazfit-Stratos.jpg","There are no reviews yet."
"1602741259-226","https://phonesellbd.com/","Feature Phones","https://phonesellbd.com/product-category/feature-phones/","Oneplus","https://phonesellbd.com/product-category/smartphone/oneplus/","ONEPLUS 7T PRO 8GB 256GB","https://phonesellbd.com/shop/oneplus-7t-pro/","ONEPLUS 7T PRO 8GB 256GB","৳ 62,990.00","https://phonesellbd.com/wp-content/uploads/2019/12/Oneplus-7T-Pro-1.jpg","There are no reviews yet."
"1602741511-258","https://phonesellbd.com/","Feature Phones","https://phonesellbd.com/product-category/feature-phones/","Apple","https://phonesellbd.com/product-category/smartphone/apple/","APPLE IPHONE 11 PRO MAX 64GB","https://phonesellbd.com/shop/apple-iphone-11-pro-max-64gb-single-sim/","APPLE IPHONE 11 PRO MAX 64GB","৳ 117,990.00","","There are no reviews yet."
"1602741505-257","https://phonesellbd.com/","Feature Phones","https://phonesellbd.com/product-category/feature-phones/","Apple","https://phonesellbd.com/product-category/smartphone/apple/","Apple IPhone SE 128GB (2020)","https://phonesellbd.com/shop/apple-iphone-se-128gb-2020/","Apple IPhone SE 128GB (2020)","৳ 54,990.00","","There are no reviews yet."
"1602741175-213","https://phonesellbd.com/","Feature Phones","https://phonesellbd.com/product-category/feature-phones/","Google","https://phonesellbd.com/product-category/smartphone/google/","GOOGLE PIXEL 4 XL 64GB","https://phonesellbd.com/shop/google-pixel-4-xl/","GOOGLE PIXEL 4 XL 64GB","৳ 89,990.00","https://phonesellbd.com/wp-content/uploads/2019/12/Pixel-4xl-1.jpg","There are no reviews yet."
"1602740833-161","https://phonesellbd.com/","Feature Phones","https://phonesellbd.com/product-category/feature-phones/","Xiaomi Samratwatch","https://phonesellbd.com/product-category/smartwatch/xiaomi-smartwatch/","Xiaomi Amazfit Bip Smart Watch","https://phonesellbd.com/shop/xiaomi-amazfit-bip-smart-watch-global-version/","Xiaomi Amazfit Bip Smart Watch","৳ 5,990.00","https://phonesellbd.com/wp-content/uploads/2019/07/Amazfi_Bip_2.jpg","null"
"1602740930-173","https://phonesellbd.com/","Feature Phones","https://phonesellbd.com/product-category/feature-phones/","Wireless Headphone","https://phonesellbd.com/product-category/earphones-headphones/wireless-headphone/","Original Remax 300HB","https://phonesellbd.com/shop/original-remax-300hb/","Original Remax 300HB","৳ 4,290.00","https://phonesellbd.com/wp-content/uploads/2019/12/Remax-500HB.jpg","There are no reviews yet."
"1602740936-174","https://phonesellbd.com/","Feature Phones","https://phonesellbd.com/product-category/feature-phones/","Wireless Headphone","https://phonesellbd.com/product-category/earphones-headphones/wireless-headphone/","Original Bluedio T5 Wireless Bluetooth Headphone","https://phonesellbd.com/shop/original-bluedio-t5-wireless-bluetooth-headphone/","Original Bluedio T5 Wireless Bluetooth Headphone","৳ 4,590.00","https://phonesellbd.com/wp-content/uploads/2019/11/T5-Wireless-Bluetooth-2.jpg","There are no reviews yet."
"1602741154-210","https://phonesellbd.com/","Feature Phones","https://phonesellbd.com/product-category/feature-phones/","Oppo","https://phonesellbd.com/product-category/smartphone/oppo/","OPPO A12 4GB 64GB (Official)","https://phonesellbd.com/shop/oppo-a12-4gb-64gb-official/","OPPO A12 4GB 64GB (Official)","৳ 13,990.00","https://phonesellbd.com/wp-content/uploads/2020/07/Oppo-A12.jpg","There are no reviews yet."
"1602741226-221","https://phonesellbd.com/","Feature Phones","https://phonesellbd.com/product-category/feature-phones/","Oneplus","https://phonesellbd.com/product-category/smartphone/oneplus/","OnePlus 8 Pro 8GB 128GB","https://phonesellbd.com/shop/oneplus-8-pro-8gb-128gb/","OnePlus 8 Pro 8GB 128GB","৳ 77,000.00","https://phonesellbd.com/wp-content/uploads/2020/07/Oneplus-8pro.jpg","There are no reviews yet."
"1602741544-263","https://phonesellbd.com/","Feature Phones","https://phonesellbd.com/product-category/feature-phones/","Apple","https://phonesellbd.com/product-category/smartphone/apple/","APPLE IPHONE 11 128GB(Dual Sim)","https://phonesellbd.com/shop/apple-iphone-11-128gbdual-sim/","APPLE IPHONE 11 128GB(Dual Sim)","৳ 76,990.00","","There are no reviews yet."
"1602740960-178","https://phonesellbd.com/","Feature Phones","https://phonesellbd.com/product-category/feature-phones/","Wireless Headphone","https://phonesellbd.com/product-category/earphones-headphones/wireless-headphone/","Bluedio T2 Bluetooth Stereo Headphone","https://phonesellbd.com/shop/bluedio-t2-bluetooth-stereo-headphone/","Bluedio T2 Bluetooth Stereo Headphone","৳ 2,290.00","https://phonesellbd.com/wp-content/uploads/2019/11/Bluedio-T2-Bluetooth-Stereo-Headphone.jpg","There are no reviews yet."
"1602741015-187","https://phonesellbd.com/","Feature Phones","https://phonesellbd.com/product-category/feature-phones/","Earphone","https://phonesellbd.com/product-category/earphones-headphones/earphone/","OnePlus Type-C Bullets Earphones","https://phonesellbd.com/shop/oneplus-type-c-bullets-earphones/","OnePlus Type-C Bullets Earphones","৳ 1,790.00","https://phonesellbd.com/wp-content/uploads/2020/01/OnePlus-Type-C-Bullets.jpg","There are no reviews yet."
"1602740762-153","https://phonesellbd.com/","Feature Phones","https://phonesellbd.com/product-category/feature-phones/","Apple Watch","https://phonesellbd.com/product-category/smartwatch/apple-watch/","Apple Watch Series 4 44MM Nike Plus","https://phonesellbd.com/shop/apple-watch-series-4-44mm-nike-plus/","Apple Watch Series 4 44MM Nike Plus","৳ 41,500.00","https://phonesellbd.com/wp-content/uploads/2019/11/apple-watch-serise4-44mm-nike-plus.jpg","There are no reviews yet."
"1602741537-262","https://phonesellbd.com/","Feature Phones","https://phonesellbd.com/product-category/feature-phones/","Apple","https://phonesellbd.com/product-category/smartphone/apple/","APPLE IPHONE 11 64GB(Dual Sim)","https://phonesellbd.com/shop/apple-iphone-11-64gbdual-sim/","APPLE IPHONE 11 64GB(Dual Sim)","৳ 72,990.00","","There are no reviews yet."
"1602741304-233","https://phonesellbd.com/","Feature Phones","https://phonesellbd.com/product-category/feature-phones/","Samsung","https://phonesellbd.com/product-category/smartphone/samsung/","Samsung Galaxy S20 5G 12GB 128GB","https://phonesellbd.com/shop/samsung-galaxy-s20-5g-12gb-128gb/","Samsung Galaxy S20 5G 12GB 128GB","৳ 75,990.00","https://phonesellbd.com/wp-content/uploads/2020/10/samsung-galaxy-s20-5g-12gb-128gb-2.png","There are no reviews yet."
"1602741108-203","https://phonesellbd.com/","Feature Phones","https://phonesellbd.com/product-category/feature-phones/","Huawei","https://phonesellbd.com/product-category/smartphone/huawei/","HUAWEI NOVA 5T 8GB 128GB (Official)","https://phonesellbd.com/shop/huawei-nova-5t-8gb-128gb-official/","HUAWEI NOVA 5T 8GB 128GB (Official)","৳ 49,990.00","https://phonesellbd.com/wp-content/uploads/2020/04/Huawei-Nova-5T-2.jpg","There are no reviews yet."
"1602741252-225","https://phonesellbd.com/","Feature Phones","https://phonesellbd.com/product-category/feature-phones/","Oneplus","https://phonesellbd.com/product-category/smartphone/oneplus/","ONEPLUS 7T PRO MCLAREN EDITION","https://phonesellbd.com/shop/oneplus-7t-pro-mclaren-edition/","ONEPLUS 7T PRO MCLAREN EDITION","৳ 75,990.00","https://phonesellbd.com/wp-content/uploads/2019/12/ONEPLUS-7T-PRO-MCLAREN-EDITION.jpg","There are no reviews yet."
"1602741328-237","https://phonesellbd.com/","Feature Phones","https://phonesellbd.com/product-category/feature-phones/","Samsung","https://phonesellbd.com/product-category/smartphone/samsung/","Samsung Galaxy M31 8GB 128GB (Official)","https://phonesellbd.com/shop/samsung-galaxy-m31-8gb-128gb-official/","Samsung Galaxy M31 8GB 128GB (Official)","৳ 26,999.00","https://phonesellbd.com/wp-content/uploads/2020/10/samsung-galaxy-m31-8gb-128gb-2.jpg","There are no reviews yet."
"1602741180-214","https://phonesellbd.com/","Feature Phones","https://phonesellbd.com/product-category/feature-phones/","Google","https://phonesellbd.com/product-category/smartphone/google/","GOOGLE PIXEL 3 XL 64GB","https://phonesellbd.com/shop/google-pixel-3-xl-64gb/","GOOGLE PIXEL 3 XL 64GB","৳ 66,990.00","https://phonesellbd.com/wp-content/uploads/2019/06/Google_Pixel_3xl.jpg","null"
"1602741113-204","https://phonesellbd.com/","Feature Phones","https://phonesellbd.com/product-category/feature-phones/","Huawei","https://phonesellbd.com/product-category/smartphone/huawei/","HUAWEI NOVA 3I 4GB 128GB (Official)","https://phonesellbd.com/shop/huawei-nova-3i-4gb-128gb-official/","HUAWEI NOVA 3I 4GB 128GB (Official)","৳ 19,990.00","https://phonesellbd.com/wp-content/uploads/2020/04/Huawei-Nova-5I.jpg","There are no reviews yet."
"1602741291-231","https://phonesellbd.com/","Feature Phones","https://phonesellbd.com/product-category/feature-phones/","Samsung","https://phonesellbd.com/product-category/smartphone/samsung/","SAMSUNG GALAXY S20Plus 5G 12GB 128GB","https://phonesellbd.com/shop/samsung-galaxy-s20plus-5g-12gb-128gb/","SAMSUNG GALAXY S20Plus 5G 12GB 128GB","৳ 84,990.00","https://phonesellbd.com/wp-content/uploads/2020/03/galaxy-s20-plus-1.jpg","There are no reviews yet."
"1602741160-211","https://phonesellbd.com/","Feature Phones","https://phonesellbd.com/product-category/feature-phones/","Oppo","https://phonesellbd.com/product-category/smartphone/oppo/","OPPO A12 3GB 32GB (Official)","https://phonesellbd.com/shop/oppo-a12-3gb-32gb-official/","OPPO A12 3GB 32GB (Official)","৳ 10,990.00","https://phonesellbd.com/wp-content/uploads/2020/07/Oppo-A12-1.jpg","There are no reviews yet."
"1602740698-144","https://phonesellbd.com/","Feature Phones","https://phonesellbd.com/product-category/feature-phones/","Nokia Feature Phones","https://phonesellbd.com/product-category/feature-phones/nokia-feature-phones/","New NOKIA 3310 Dual Sim","https://phonesellbd.com/shop/new-nokia-3310-dual-sim/","New NOKIA 3310 Dual Sim","৳ 4,590.00","","There are no reviews yet."
"1602741125-205","https://phonesellbd.com/","Feature Phones","https://phonesellbd.com/product-category/feature-phones/","Oppo","https://phonesellbd.com/product-category/smartphone/oppo/","Oppo Reno 4 8GB 128GB (Official)","https://phonesellbd.com/shop/oppo-reno-4-8gb-128gb-official/","Oppo Reno 4 8GB 128GB (Official)","৳ 34,990.00","https://phonesellbd.com/wp-content/uploads/2020/09/oppo-reno-4-8gb-128gb-2.jpg","There are no reviews yet."
"1602741399-248","https://phonesellbd.com/","Feature Phones","https://phonesellbd.com/product-category/feature-phones/","Xiaomi","https://phonesellbd.com/product-category/smartphone/xiaomi/","XIAOMI MI 9 SE 6GB 128GB","https://phonesellbd.com/shop/xiaomi-mi-9-se-6gb-128gb/","XIAOMI MI 9 SE 6GB 128GB","৳ 28,990.00","https://phonesellbd.com/wp-content/uploads/2019/06/Xiaomi_MI9_SE.jpg","null"
"1602741276-229","https://phonesellbd.com/","Feature Phones","https://phonesellbd.com/product-category/feature-phones/","Oneplus","https://phonesellbd.com/product-category/smartphone/oneplus/","ONEPLUS 7 PRO 12GB 256GB (Official)","https://phonesellbd.com/shop/oneplus-7-pro-official/","ONEPLUS 7 PRO 12GB 256GB (Official)","৳ 80,990.00","https://phonesellbd.com/wp-content/uploads/2019/05/Oneplus_7pro.jpg","There are no reviews yet."
"1602741373-244","https://phonesellbd.com/","Feature Phones","https://phonesellbd.com/product-category/feature-phones/","Xiaomi","https://phonesellbd.com/product-category/smartphone/xiaomi/","XIAOMI MI 9T PRO 6GB 64GB","https://phonesellbd.com/shop/xiaomi-mi-9t-pro-6gb-64gb/","XIAOMI MI 9T PRO 6GB 64GB","৳ 29,990.00","https://phonesellbd.com/wp-content/uploads/2019/10/Mi-9T-Pro-5.jpg","There are no reviews yet."
"1602740971-180","https://phonesellbd.com/","Feature Phones","https://phonesellbd.com/product-category/feature-phones/","Wireless Headphone","https://phonesellbd.com/product-category/earphones-headphones/wireless-headphone/","Awei A800BL Wireless Blutooth Headphones","https://phonesellbd.com/shop/awei-a800bl-wireless-blutooth-headphones/","Awei A800BL Wireless Blutooth Headphones","৳ 1,490.00","https://phonesellbd.com/wp-content/uploads/2019/11/Awei-A800BL-1.jpg","There are no reviews yet."
"1602741555-265","https://phonesellbd.com/","Feature Phones","https://phonesellbd.com/product-category/feature-phones/","Apple","https://phonesellbd.com/product-category/smartphone/apple/","Apple IPad Pro 11 (2020) 256GB Wifi","https://phonesellbd.com/shop/apple-ipad-pro-11-2020-256gb-wifi/","Apple IPad Pro 11 (2020) 256GB Wifi","৳ 110,990.00","","There are no reviews yet."
"1602741199-217","https://phonesellbd.com/","Feature Phones","https://phonesellbd.com/product-category/feature-phones/","Asus","https://phonesellbd.com/product-category/smartphone/asus/","ASUS ZENFONE MAX PRO (M2) 3GB 32GB","https://phonesellbd.com/shop/asus-zenfone-max-pro-m2-3gb-32gb/","ASUS ZENFONE MAX PRO (M2) 3GB 32GB","৳ 15,990.00","https://phonesellbd.com/wp-content/uploads/2019/07/Zenfone_Max_Pro.jpg","There are no reviews yet."
"1602740860-163","https://phonesellbd.com/","Feature Phones","https://phonesellbd.com/product-category/feature-phones/","Mobile Case & Cover","https://phonesellbd.com/product-category/mobile-accessories/mobile-case-cover/","Oneplus 8 pro Sandstone Cover (Official)","https://phonesellbd.com/shop/oneplus-8-pro-sandstone-cover-official/","Oneplus 8 pro Sandstone Cover (Official)","৳ 1,990.00","https://phonesellbd.com/wp-content/uploads/2020/07/Oneplus-8pro-sand-stone-cover-2.jpg","There are no reviews yet."
"1602741281-230","https://phonesellbd.com/","Feature Phones","https://phonesellbd.com/product-category/feature-phones/","Oneplus","https://phonesellbd.com/product-category/smartphone/oneplus/","ONEPLUS 7 PRO 12GB 256GB","https://phonesellbd.com/shop/oneplus-7-pro-12gb-256gb/","ONEPLUS 7 PRO 12GB 256GB","৳ 63,990.00","https://phonesellbd.com/wp-content/uploads/2019/05/Oneplus_7pro.jpg","There are no reviews yet."
"1602741490-255","https://phonesellbd.com/","Feature Phones","https://phonesellbd.com/product-category/feature-phones/","Apple","https://phonesellbd.com/product-category/smartphone/apple/","Apple IPhone SE 64GB (2020)","https://phonesellbd.com/shop/apple-iphone-se-64gb-2020/","Apple IPhone SE 64GB (2020)","৳ 49,990.00","","There are no reviews yet."
"1602740826-160","https://phonesellbd.com/","Feature Phones","https://phonesellbd.com/product-category/feature-phones/","Xiaomi Samratwatch","https://phonesellbd.com/product-category/smartwatch/xiaomi-smartwatch/","Xiaomi Mi Band 4","https://phonesellbd.com/shop/xiaomi-mi-band-4/","Xiaomi Mi Band 4","৳ 2,550.00","https://phonesellbd.com/wp-content/uploads/2019/11/Mi-Band-4-2.jpg","There are no reviews yet."
