web-scraper-order,web-scraper-start-url,category,category-href,products-link,products-link-href,products-name,products-price,products-image-src,products-rating
1605178302-235,https://www.pickaboo.com/,Lifestyle,https://www.pickaboo.com/lifestyle.html,PRITECH PR-1040 Rechargeable Waterproof Hair Trimmer,https://www.pickaboo.com/pritech-pr-1040-rechargeable-waterproof-hair-trimmer.html,PRITECH PR-1040 Rechargeable Waterproof Hair Trimmer,1899,https://b2b-pickaboocdn.s3-ap-southeast-1.amazonaws.com/media/catalog/product/cache/c9c3ae6e3f78df4924e8b3b9bf50d8e7/1/0/1040-1.jpg,0
1605178921-313,https://www.pickaboo.com/,Feature Phones,https://www.pickaboo.com/feature-phone.html,Samsung Metro 350,https://www.pickaboo.com/samsung-metro-350.html,Samsung Metro 350,4590,https://b2b-pickaboocdn.s3-ap-southeast-1.amazonaws.com/media/catalog/product/cache/c9c3ae6e3f78df4924e8b3b9bf50d8e7/3/5/350.jpg,4.1
1605179185-338,https://www.pickaboo.com/,Smartphones,https://www.pickaboo.com/smartphone.html,Redmi Note 9 6GB/128GB,https://www.pickaboo.com/redmi-note-9-6gb-128gb.html,Redmi Note 9 6GB/128GB,21999,https://b2b-pickaboocdn.s3-ap-southeast-1.amazonaws.com/media/catalog/product/cache/c9c3ae6e3f78df4924e8b3b9bf50d8e7/r/e/redmi-note-9-base-new.jpg,0
1605178753-295,https://www.pickaboo.com/,Electronics & Appliances,https://www.pickaboo.com/electronics-appliances.html,Sinbo Hand Mixer,https://www.pickaboo.com/sinbo-hand-mixer.html,Sinbo Hand Mixer,1650,https://b2b-pickaboocdn.s3-ap-southeast-1.amazonaws.com/media/catalog/product/cache/c9c3ae6e3f78df4924e8b3b9bf50d8e7/b/-/b-1_4.jpg,0
1605178709-289,https://www.pickaboo.com/,Accessories,https://www.pickaboo.com/#,realme 7 Pro 8GB/128GB With Free T-Shirts,https://www.pickaboo.com/realme-7-pro.html,realme 7 Pro 8GB/128GB With Free T-Shirts,27990,https://b2b-pickaboocdn.s3-ap-southeast-1.amazonaws.com/media/catalog/product/cache/c9c3ae6e3f78df4924e8b3b9bf50d8e7/r/e/realme-7-pro-8gb-128gb-new-content-image.jpg,4.5
1605178785-301,https://www.pickaboo.com/,Electronics & Appliances,https://www.pickaboo.com/electronics-appliances.html,Nima 2 in 1 Electric Spice Grinder & Juicer - Silver,https://www.pickaboo.com/nima-2-in-1-electric-spice-grinder-juicer-silver.html,Nima 2 in 1 Electric Spice Grinder & Juicer - Silver,890,https://b2b-pickaboocdn.s3-ap-southeast-1.amazonaws.com/media/catalog/product/cache/c9c3ae6e3f78df4924e8b3b9bf50d8e7/2/1/21-1_2.jpg,0
1605178856-310,https://www.pickaboo.com/,Feature Phones,https://www.pickaboo.com/feature-phone.html,SAMSUNG Metro 313,https://www.pickaboo.com/samsung-b313e-metro-313.html,SAMSUNG Metro 313,2100,https://b2b-pickaboocdn.s3-ap-southeast-1.amazonaws.com/media/catalog/product/cache/c9c3ae6e3f78df4924e8b3b9bf50d8e7/3/1/313.jpg,null
1605178570-271,https://www.pickaboo.com/,Accessories,https://www.pickaboo.com/#,HUGO BOSS JUST DIFFERENT MEN EDT 125 ML (737052714028),https://www.pickaboo.com/hugo-boss-125ml-just-different-edt-perfume-for-men.html,HUGO BOSS JUST DIFFERENT MEN EDT 125 ML (737052714028),3850,https://b2b-pickaboocdn.s3-ap-southeast-1.amazonaws.com/media/catalog/product/cache/c9c3ae6e3f78df4924e8b3b9bf50d8e7/h/u/hugo-boss-just-diffrent.jpg,5
1605178688-287,https://www.pickaboo.com/,Accessories,https://www.pickaboo.com/#,OPPO F17 Pro 8GB/128GB,https://www.pickaboo.com/oppo-f17-pro-8gb-128gb.html,OPPO F17 Pro 8GB/128GB,27990,https://b2b-pickaboocdn.s3-ap-southeast-1.amazonaws.com/media/catalog/product/cache/c9c3ae6e3f78df4924e8b3b9bf50d8e7/o/p/oppo-f17-pro-8gb-128gb-final-content-image.jpg,4.6
1605178321-238,https://www.pickaboo.com/,Lifestyle,https://www.pickaboo.com/lifestyle.html,PRITECH PR-2322 3 Level Adjustment Rechargeable Hair Trimmer,https://www.pickaboo.com/pritech-pr-2322-3-level-adjustment-rechargeable-hair-trimmer.html,PRITECH PR-2322 3 Level Adjustment Rechargeable Hair Trimmer,1799,https://b2b-pickaboocdn.s3-ap-southeast-1.amazonaws.com/media/catalog/product/cache/c9c3ae6e3f78df4924e8b3b9bf50d8e7/2/3/2322-1.jpg,0
1605178775-299,https://www.pickaboo.com/,Electronics & Appliances,https://www.pickaboo.com/electronics-appliances.html,Yogurt Doi Maker,https://www.pickaboo.com/yogurt-doi-maker.html,Yogurt Doi Maker,490,https://b2b-pickaboocdn.s3-ap-southeast-1.amazonaws.com/media/catalog/product/cache/c9c3ae6e3f78df4924e8b3b9bf50d8e7/y/-/y-1.jpg,0
1605178419-249,https://www.pickaboo.com/,Lifestyle,https://www.pickaboo.com/lifestyle.html,Skmei 9217BLWH Fashion Wristwatch for Men,https://www.pickaboo.com/skmei-9217blwh-fashion-wristwatch-for-men.html,Skmei 9217BLWH Fashion Wristwatch for Men,1800,https://b2b-pickaboocdn.s3-ap-southeast-1.amazonaws.com/media/catalog/product/cache/c9c3ae6e3f78df4924e8b3b9bf50d8e7/9/2/9217-black.jpg,0
1605178630-280,https://www.pickaboo.com/,Accessories,https://www.pickaboo.com/#,Xiaomi V3 20000mAh USB-C Powerbank - White,https://www.pickaboo.com/xiaomi-v3-20000mah-usb-c-powerbank.html,Xiaomi V3 20000mAh USB-C Powerbank - White,2149,https://b2b-pickaboocdn.s3-ap-southeast-1.amazonaws.com/media/catalog/product/cache/c9c3ae6e3f78df4924e8b3b9bf50d8e7/x/i/xiaomi-v3-20000mah-usb-c-powerbank.jpg,4.5
1605178758-296,https://www.pickaboo.com/,Electronics & Appliances,https://www.pickaboo.com/electronics-appliances.html,Bamboo Choping Board,https://www.pickaboo.com/bamboo-choping-board.html,Bamboo Choping Board,600,,0
1605178517-263,https://www.pickaboo.com/,Accessories,https://www.pickaboo.com/#,Philips HL7555/00 Juicer Mixer Grinder,https://www.pickaboo.com/philips-hl7555-00-juicer-mixer-grinder.html,Philips HL7555/00 Juicer Mixer Grinder,6549,https://b2b-pickaboocdn.s3-ap-southeast-1.amazonaws.com/media/catalog/product/cache/c9c3ae6e3f78df4924e8b3b9bf50d8e7/p/h/philips-hl755500-juicer-mixer-grinder.jpg,4.4
1605178651-283,https://www.pickaboo.com/,Accessories,https://www.pickaboo.com/#,Lenovo LP1 TWS Waterproof Sport Earbud Bluetooth 5 Noise Cancelling Mic Dual Stereo HIFI Bass Touch,https://www.pickaboo.com/lenovo-lp1-tws-waterproof-sport-earbud-bluetooth-5-noise-cancelling-mic-dual-stereo-hifi-bass-touch.html,Lenovo LP1 TWS Waterproof Sport Earbud Bluetooth 5 Noise Cancelling Mic Dual Stereo HIFI Bass Touch,990,https://b2b-pickaboocdn.s3-ap-southeast-1.amazonaws.com/media/catalog/product/cache/c9c3ae6e3f78df4924e8b3b9bf50d8e7/l/e/lenovo-lp1.jpg,4
1605178432-251,https://www.pickaboo.com/,Lifestyle,https://www.pickaboo.com/lifestyle.html,Skmei 9217BRBL Fashion Wristwatch for Men,https://www.pickaboo.com/skmei-9217brbl-fashion-wristwatch-for-men.html,Skmei 9217BRBL Fashion Wristwatch for Men,1800,https://b2b-pickaboocdn.s3-ap-southeast-1.amazonaws.com/media/catalog/product/cache/c9c3ae6e3f78df4924e8b3b9bf50d8e7/9/2/9217-brown.jpg,0
1605178393-246,https://www.pickaboo.com/,Lifestyle,https://www.pickaboo.com/lifestyle.html,Victoria's Secret love addict Body Mist 250 ml for Women,https://www.pickaboo.com/victoria-s-secret-love-addict-body-mist-250-ml-for-women.html,Victoria's Secret love addict Body Mist 250 ml for Women,1450,https://b2b-pickaboocdn.s3-ap-southeast-1.amazonaws.com/media/catalog/product/cache/c9c3ae6e3f78df4924e8b3b9bf50d8e7/v/s/vs-11.jpg,0
1605178578-272,https://www.pickaboo.com/,Accessories,https://www.pickaboo.com/#,CASIO  Men's Analog Watch (MTP-1381L-1AV),https://www.pickaboo.com/casio-men-s-analog-watch-mtp-1381l-1av.html,CASIO  Men's Analog Watch (MTP-1381L-1AV),3990,https://b2b-pickaboocdn.s3-ap-southeast-1.amazonaws.com/media/catalog/product/cache/c9c3ae6e3f78df4924e8b3b9bf50d8e7/m/t/mtp-1381l-1av.jpg,0
1605178973-318,https://www.pickaboo.com/,Feature Phones,https://www.pickaboo.com/feature-phone.html,Nokia 3310 (2017),https://www.pickaboo.com/nokia-3310-2017.html,Nokia 3310 (2017),4590,https://b2b-pickaboocdn.s3-ap-southeast-1.amazonaws.com/media/catalog/product/cache/c9c3ae6e3f78df4924e8b3b9bf50d8e7/n/o/nokia-3310.jpg,4.6
1605178365-243,https://www.pickaboo.com/,Lifestyle,https://www.pickaboo.com/lifestyle.html,Victoria’s Secret Bombshell Seduction Body Mist,https://www.pickaboo.com/victoria-s-secret-bombshell-seduction-body-mist.html,Victoria’s Secret Bombshell Seduction Body Mist,2250,https://b2b-pickaboocdn.s3-ap-southeast-1.amazonaws.com/media/catalog/product/cache/c9c3ae6e3f78df4924e8b3b9bf50d8e7/v/s/vs-1.jpg,0
1605178308-236,https://www.pickaboo.com/,Lifestyle,https://www.pickaboo.com/lifestyle.html,PRITECH PR-1821 3 in 1 Beard Trimer for Men,https://www.pickaboo.com/pritech-pr-1821-3-in-1-beard-trimer-for-men.html,PRITECH PR-1821 3 in 1 Beard Trimer for Men,1799,https://b2b-pickaboocdn.s3-ap-southeast-1.amazonaws.com/media/catalog/product/cache/c9c3ae6e3f78df4924e8b3b9bf50d8e7/1/8/1821-1.jpg,0
1605178373-244,https://www.pickaboo.com/,Lifestyle,https://www.pickaboo.com/lifestyle.html,Victoria’s Secret Body Mist Bombshell Paris,https://www.pickaboo.com/victoria-s-secret-body-mist-bombshell-paris.html,Victoria’s Secret Body Mist Bombshell Paris,2250,https://b2b-pickaboocdn.s3-ap-southeast-1.amazonaws.com/media/catalog/product/cache/c9c3ae6e3f78df4924e8b3b9bf50d8e7/v/s/vs-2.jpg,0
1605178492-260,https://www.pickaboo.com/,Accessories,https://www.pickaboo.com/#,Dobe Dual Charging Dock for PS4,https://www.pickaboo.com/dobe-dual-charging-dock-for-ps4.html,Dobe Dual Charging Dock for PS4,680,https://b2b-pickaboocdn.s3-ap-southeast-1.amazonaws.com/media/catalog/product/cache/c9c3ae6e3f78df4924e8b3b9bf50d8e7/d/c/dc-5.jpg,0
1605178657-284,https://www.pickaboo.com/,Accessories,https://www.pickaboo.com/#,Huawei AM61 Sport Bluetooth Earphone,https://www.pickaboo.com/huawei-am61-sport-bluetooth-earphone.html,Huawei AM61 Sport Bluetooth Earphone,2299,https://b2b-pickaboocdn.s3-ap-southeast-1.amazonaws.com/media/catalog/product/cache/c9c3ae6e3f78df4924e8b3b9bf50d8e7/a/m/am61-red_1.jpg,0
1605178472-257,https://www.pickaboo.com/,Accessories,https://www.pickaboo.com/#,SONY PS4 (PlayStation 4) Slim 500GB Gaming Console - Jet Black,https://www.pickaboo.com/sony-ps4-playstation-4-slim-500gb-gaming-console-jet-black.html,SONY PS4 (PlayStation 4) Slim 500GB Gaming Console - Jet Black,26499,https://b2b-pickaboocdn.s3-ap-southeast-1.amazonaws.com/media/catalog/product/cache/c9c3ae6e3f78df4924e8b3b9bf50d8e7/p/s/ps4-2_1.jpg,0
1605178588-274,https://www.pickaboo.com/,Accessories,https://www.pickaboo.com/#,HyperX Cloud II Professional Gaming Headset 7.1 Surround Sound Durable Aluminum Frame - Red,https://www.pickaboo.com/hyperx-cloud-ii-professional-gaming-headset-7-1-surround-sound-durable-aluminum-frame-red.html,HyperX Cloud II Professional Gaming Headset 7.1 Surround Sound Durable Aluminum Frame - Red,9500,https://b2b-pickaboocdn.s3-ap-southeast-1.amazonaws.com/media/catalog/product/cache/c9c3ae6e3f78df4924e8b3b9bf50d8e7/h/e/head-1.jpg,0
1605178478-258,https://www.pickaboo.com/,Accessories,https://www.pickaboo.com/#,PS4 Dual Shock 4 Controller (A Grade)-Green,https://www.pickaboo.com/ps4-dual-shock-4-controller-a-grade-green.html,PS4 Dual Shock 4 Controller (A Grade)-Green,2200,https://b2b-pickaboocdn.s3-ap-southeast-1.amazonaws.com/media/catalog/product/cache/c9c3ae6e3f78df4924e8b3b9bf50d8e7/c/a/camo-army-3_1_2.jpg,0
1605178780-300,https://www.pickaboo.com/,Electronics & Appliances,https://www.pickaboo.com/electronics-appliances.html,Easy Spin Mop with Bucket,https://www.pickaboo.com/easy-spin-mop-with-bucket.html,Easy Spin Mop with Bucket,1050,https://b2b-pickaboocdn.s3-ap-southeast-1.amazonaws.com/media/catalog/product/cache/c9c3ae6e3f78df4924e8b3b9bf50d8e7/m/o/mob-1.jpg,0
1605178613-278,https://www.pickaboo.com/,Accessories,https://www.pickaboo.com/#,TP-Link Archer C20 AC750 Wireless Dual Band Router,https://www.pickaboo.com/tp-link-archer-c20-ac750-wireless-dual-band-router.html,TP-Link Archer C20 AC750 Wireless Dual Band Router,2050,https://b2b-pickaboocdn.s3-ap-southeast-1.amazonaws.com/media/catalog/product/cache/c9c3ae6e3f78df4924e8b3b9bf50d8e7/y/y/yyy.jpg,5
1605178910-312,https://www.pickaboo.com/,Feature Phones,https://www.pickaboo.com/feature-phone.html,Samsung Metro B313,https://www.pickaboo.com/samsung-metro-b313.html,Samsung Metro B313,2100,,5
1605179110-332,https://www.pickaboo.com/,Smartphones,https://www.pickaboo.com/smartphone.html,Samsung Galaxy M01 Core 1GB/16GB,https://www.pickaboo.com/samsung-galaxy-m01-core-1gb-16gb.html,Samsung Galaxy M01 Core 1GB/16GB,6299,https://b2b-pickaboocdn.s3-ap-southeast-1.amazonaws.com/media/catalog/product/cache/c9c3ae6e3f78df4924e8b3b9bf50d8e7/s/a/samsung-galaxy-m01-core-1gb-16gb-new-content-image.jpg,4.7
1605178674-286,https://www.pickaboo.com/,Accessories,https://www.pickaboo.com/#,Samsung Galaxy M21 6GB/128GB,https://www.pickaboo.com/samsung-galaxy-m21-6gb-128gb.html,Samsung Galaxy M21 6GB/128GB,19999,https://b2b-pickaboocdn.s3-ap-southeast-1.amazonaws.com/media/catalog/product/cache/c9c3ae6e3f78df4924e8b3b9bf50d8e7/s/a/samsung-galaxy-m21-6gb-128gb-new-content-image.jpg,4.6
1605178331-239,https://www.pickaboo.com/,Lifestyle,https://www.pickaboo.com/lifestyle.html,PRITECH PR-2226 6 In 1 Multifunctional Electric Shaver,https://www.pickaboo.com/pritech-pr-2226-6-in-1-multifunctional-electric-shaver.html,PRITECH PR-2226 6 In 1 Multifunctional Electric Shaver,1999,https://b2b-pickaboocdn.s3-ap-southeast-1.amazonaws.com/media/catalog/product/cache/c9c3ae6e3f78df4924e8b3b9bf50d8e7/2/2/2226-1.jpg,0
1605178961-317,https://www.pickaboo.com/,Feature Phones,https://www.pickaboo.com/feature-phone.html,Samsung Guru Music 2,https://www.pickaboo.com/samsung-guru-music.html,Samsung Guru Music 2,2100,https://b2b-pickaboocdn.s3-ap-southeast-1.amazonaws.com/media/catalog/product/cache/c9c3ae6e3f78df4924e8b3b9bf50d8e7/m/u/music_guru_2_1.jpg,4.9
1605178637-281,https://www.pickaboo.com/,Accessories,https://www.pickaboo.com/#,OnePlus Bullets Wireless Z In-Ear Headphone,https://www.pickaboo.com/oneplus-bullets-wireless-z-in-ear-headphone.html,OnePlus Bullets Wireless Z In-Ear Headphone,3750,https://b2b-pickaboocdn.s3-ap-southeast-1.amazonaws.com/media/catalog/product/cache/c9c3ae6e3f78df4924e8b3b9bf50d8e7/o/n/oneplus-bullets-z-fast-charge-wireless-earphones-_-black.jpg,4.4
1605178806-305,https://www.pickaboo.com/,Electronics & Appliances,https://www.pickaboo.com/electronics-appliances.html,Livpure Platino Envy Alkaline Water Purifier,https://www.pickaboo.com/livpure-platino-envy-alkaline-water-purifier.html,Livpure Platino Envy Alkaline Water Purifier,24000,https://b2b-pickaboocdn.s3-ap-southeast-1.amazonaws.com/media/catalog/product/cache/c9c3ae6e3f78df4924e8b3b9bf50d8e7/l/i/livpure-platino-envy-alkaline-water-purifier.jpg,0
1605178486-259,https://www.pickaboo.com/,Accessories,https://www.pickaboo.com/#,Microsoft Xbox One X 1TB 4K Gaming Console - Black,https://www.pickaboo.com/microsoft-xbox-one-x-1tb-4k-gaming-console-black.html,Microsoft Xbox One X 1TB 4K Gaming Console - Black,30200,https://b2b-pickaboocdn.s3-ap-southeast-1.amazonaws.com/media/catalog/product/cache/c9c3ae6e3f78df4924e8b3b9bf50d8e7/x/b/xbox-one-x.jpg,0
1605178983-319,https://www.pickaboo.com/,Feature Phones,https://www.pickaboo.com/feature-phone.html,Nokia 130 Dual 2017,https://www.pickaboo.com/nokia-130-dual-2017.html,Nokia 130 Dual 2017,2150,https://b2b-pickaboocdn.s3-ap-southeast-1.amazonaws.com/media/catalog/product/cache/c9c3ae6e3f78df4924e8b3b9bf50d8e7/1/3/130_ds_black.jpg,4.4
1605178530-265,https://www.pickaboo.com/,Accessories,https://www.pickaboo.com/#,Gree GS18CT 1.5 Ton Non-Inverter Split Type Air Conditioner,https://www.pickaboo.com/gree-gs18ct-1-5-ton-non-inverter-split-type-air-conditioner.html,Gree GS18CT 1.5 Ton Non-Inverter Split Type Air Conditioner,50600,https://b2b-pickaboocdn.s3-ap-southeast-1.amazonaws.com/media/catalog/product/cache/c9c3ae6e3f78df4924e8b3b9bf50d8e7/g/s/gs18ct-001.jpg,0
1605178953-316,https://www.pickaboo.com/,Feature Phones,https://www.pickaboo.com/feature-phone.html,Nokia 5310 DS 2020,https://www.pickaboo.com/nokia-5310ds.html,Nokia 5310 DS 2020,null,https://b2b-pickaboocdn.s3-ap-southeast-1.amazonaws.com/media/catalog/product/cache/c9c3ae6e3f78df4924e8b3b9bf50d8e7/n/o/nokia-brand-1.jpg,4.2
1605178460-255,https://www.pickaboo.com/,Accessories,https://www.pickaboo.com/#,Xbox 360 Controller Wired PC/ Xbox -Black,https://www.pickaboo.com/xbox-360-controller-wired-pc-xbox-black.html,Xbox 360 Controller Wired PC/ Xbox -Black,1180,https://b2b-pickaboocdn.s3-ap-southeast-1.amazonaws.com/media/catalog/product/cache/c9c3ae6e3f78df4924e8b3b9bf50d8e7/3/6/360_5.jpg,0
1605179094-331,https://www.pickaboo.com/,Smartphones,https://www.pickaboo.com/smartphone.html,Huawei P40 Pro 5G 8GB/256GB,https://www.pickaboo.com/huawei-p40-pro-5g-8gb-256gb.html,Huawei P40 Pro 5G 8GB/256GB,109999,https://b2b-pickaboocdn.s3-ap-southeast-1.amazonaws.com/media/catalog/product/cache/c9c3ae6e3f78df4924e8b3b9bf50d8e7/h/u/huawei-p40-pro-5g-8gb-256gb-new-content-image.jpg,0
1605179004-321,https://www.pickaboo.com/,Feature Phones,https://www.pickaboo.com/feature-phone.html,Nokia 106DS,https://www.pickaboo.com/nokia-106ds.html,Nokia 106DS,1599,https://b2b-pickaboocdn.s3-ap-southeast-1.amazonaws.com/media/catalog/product/cache/c9c3ae6e3f78df4924e8b3b9bf50d8e7/n/o/nokia-106ds_1.gif,4.3
1605178814-306,https://www.pickaboo.com/,Electronics & Appliances,https://www.pickaboo.com/electronics-appliances.html,Ankuxi Vegetable Detoxifier,https://www.pickaboo.com/ankuxi-vegetable-detoxifier.html,Ankuxi Vegetable Detoxifier,5000,https://b2b-pickaboocdn.s3-ap-southeast-1.amazonaws.com/media/catalog/product/cache/c9c3ae6e3f78df4924e8b3b9bf50d8e7/a/n/ankuxi-vegetable-detoxifier.jpg,0
1605178410-248,https://www.pickaboo.com/,Lifestyle,https://www.pickaboo.com/lifestyle.html,Victoria's Secret Wild One Body Mist 250 ml for Women,https://www.pickaboo.com/victoria-s-secret-wild-one-body-mist-250-ml-for-women.html,Victoria's Secret Wild One Body Mist 250 ml for Women,1450,https://b2b-pickaboocdn.s3-ap-southeast-1.amazonaws.com/media/catalog/product/cache/c9c3ae6e3f78df4924e8b3b9bf50d8e7/v/s/vs-10_2.jpg,0
1605179127-333,https://www.pickaboo.com/,Smartphones,https://www.pickaboo.com/smartphone.html,Samsung Galaxy M01 Core 2GB/32GB,https://www.pickaboo.com/samsung-galaxy-m01-core-2gb-32gb.html,Samsung Galaxy M01 Core 2GB/32GB,"7,299
",https://b2b-pickaboocdn.s3-ap-southeast-1.amazonaws.com/media/catalog/product/cache/c9c3ae6e3f78df4924e8b3b9bf50d8e7/s/a/samsung-galaxy-m01-core-2gb-32gb-new-content-image.jpg,4.8
1605179082-329,https://www.pickaboo.com/,Smartphones,https://www.pickaboo.com/smartphone.html,Huawei Matepad T (4G) 2GB/32GB,https://www.pickaboo.com/huawei-matepad-t-4g-2gb-32gb.html,Huawei Matepad T (4G) 2GB/32GB,13999,https://b2b-pickaboocdn.s3-ap-southeast-1.amazonaws.com/media/catalog/product/cache/c9c3ae6e3f78df4924e8b3b9bf50d8e7/h/u/huawei-matepad-t.jpg,4.7
1605178645-282,https://www.pickaboo.com/,Accessories,https://www.pickaboo.com/#,Haylou LS05 Smart Watch Global Version - Black,https://www.pickaboo.com/haylou-ls05-smart-watch-global-version-black.html,Haylou LS05 Smart Watch Global Version - Black,2550,https://b2b-pickaboocdn.s3-ap-southeast-1.amazonaws.com/media/catalog/product/cache/c9c3ae6e3f78df4924e8b3b9bf50d8e7/l/s/ls05.jpg,4.7
1605179198-340,https://www.pickaboo.com/,Smartphones,https://www.pickaboo.com/smartphone.html,Samsung Galaxy S20 FE (Pre-Book),https://www.pickaboo.com/samsung-galaxy-s20-fe-fan-edition.html,Samsung Galaxy S20 FE (Pre-Book),54999,https://b2b-pickaboocdn.s3-ap-southeast-1.amazonaws.com/media/catalog/product/cache/c9c3ae6e3f78df4924e8b3b9bf50d8e7/s/a/samsung-galaxy-s20-fe-new-content-image.jpg,0
1605178500-261,https://www.pickaboo.com/,Accessories,https://www.pickaboo.com/#,Xiaomi TV Box S Global Version - Black,https://www.pickaboo.com/xiaomi-tv-box-s-global-version.html,Xiaomi TV Box S Global Version - Black,5190,https://b2b-pickaboocdn.s3-ap-southeast-1.amazonaws.com/media/catalog/product/cache/c9c3ae6e3f78df4924e8b3b9bf50d8e7/x/i/xiaomi-mi-tv-box-222.jpg,4.8
1605178594-275,https://www.pickaboo.com/,Accessories,https://www.pickaboo.com/#,Asus TUF VG259Q 25 Inch 144Hz Adaptive-Sync IPS Gaming Monitor,https://www.pickaboo.com/asus-tuf-vg259q-25-inch-144hz-adaptive-sync-ips-gaming-monitor.html,Asus TUF VG259Q 25 Inch 144Hz Adaptive-Sync IPS Gaming Monitor,29450,https://b2b-pickaboocdn.s3-ap-southeast-1.amazonaws.com/media/catalog/product/cache/c9c3ae6e3f78df4924e8b3b9bf50d8e7/a/s/asus-tuf-vg259q-25-inch-144hz-adaptive-sync-ips-gaming-monitor.jpg,0
1605178562-270,https://www.pickaboo.com/,Accessories,https://www.pickaboo.com/#,Kemei KM-9020 Trimmer,https://www.pickaboo.com/kemei-km-9020-trimmer.html,Kemei KM-9020 Trimmer,549,https://b2b-pickaboocdn.s3-ap-southeast-1.amazonaws.com/media/catalog/product/cache/c9c3ae6e3f78df4924e8b3b9bf50d8e7/k/m/km-9020-silver.jpg,0
1605178736-292,https://www.pickaboo.com/,Electronics & Appliances,https://www.pickaboo.com/electronics-appliances.html,Digital Kitchen Weight Scale - White,https://www.pickaboo.com/digital-kitchen-weight-scale-white.html,Digital Kitchen Weight Scale - White,670,https://b2b-pickaboocdn.s3-ap-southeast-1.amazonaws.com/media/catalog/product/cache/c9c3ae6e3f78df4924e8b3b9bf50d8e7/w/e/we-1.jpg,0
1605179178-337,https://www.pickaboo.com/,Smartphones,https://www.pickaboo.com/smartphone.html,Huawei Matepad T (WIFI) 2GB/16GB,https://www.pickaboo.com/huawei-matepad-t-wifi-2gb-16gb.html,Huawei Matepad T (WIFI) 2GB/16GB,9999,https://b2b-pickaboocdn.s3-ap-southeast-1.amazonaws.com/media/catalog/product/cache/c9c3ae6e3f78df4924e8b3b9bf50d8e7/h/u/huawei-matepad-t-wifi-1.jpg,5
1605178769-298,https://www.pickaboo.com/,Electronics & Appliances,https://www.pickaboo.com/electronics-appliances.html,National View King Chef Blender and Mixer Grinder 2000 Watt,https://www.pickaboo.com/national-view-king-chef-blender-and-mixer-grinder-2000-watt.html,National View King Chef Blender and Mixer Grinder 2000 Watt,6900,https://b2b-pickaboocdn.s3-ap-southeast-1.amazonaws.com/media/catalog/product/cache/c9c3ae6e3f78df4924e8b3b9bf50d8e7/b/l/blender-1_1.jpg,0
1605178524-264,https://www.pickaboo.com/,Accessories,https://www.pickaboo.com/#,Livpure Bolt Copper Water Purifier,https://www.pickaboo.com/livpure-bolt-copper-water-purifier.html,Livpure Bolt Copper Water Purifier,23500,https://b2b-pickaboocdn.s3-ap-southeast-1.amazonaws.com/media/catalog/product/cache/c9c3ae6e3f78df4924e8b3b9bf50d8e7/l/i/livpure-bolt-copper-water-purifier.jpg,0
1605178790-302,https://www.pickaboo.com/,Electronics & Appliances,https://www.pickaboo.com/electronics-appliances.html,Instant Hot Water Shower,https://www.pickaboo.com/instant-hot-water-shower.html,Instant Hot Water Shower,950,https://b2b-pickaboocdn.s3-ap-southeast-1.amazonaws.com/media/catalog/product/cache/c9c3ae6e3f78df4924e8b3b9bf50d8e7/h/o/hot-1.jpg,0
1605178449-254,https://www.pickaboo.com/,Lifestyle,https://www.pickaboo.com/lifestyle.html,Skmei SK1370GR Fashion Wristwatch for Men,https://www.pickaboo.com/skmei-sk1370gr-fashion-wristwatch-for-men.html,Skmei SK1370GR Fashion Wristwatch for Men,1282,https://b2b-pickaboocdn.s3-ap-southeast-1.amazonaws.com/media/catalog/product/cache/c9c3ae6e3f78df4924e8b3b9bf50d8e7/1/3/1304-green.jpg,0
1605178341-240,https://www.pickaboo.com/,Lifestyle,https://www.pickaboo.com/lifestyle.html,Pritech PR-1675 3 In 1 Electric Shavers For Men,https://www.pickaboo.com/pritech-pr-1675-3-in-1-electric-shavers-for-men.html,Pritech PR-1675 3 In 1 Electric Shavers For Men,2199,https://b2b-pickaboocdn.s3-ap-southeast-1.amazonaws.com/media/catalog/product/cache/c9c3ae6e3f78df4924e8b3b9bf50d8e7/1/6/1675-1.jpg,0
1605178378-245,https://www.pickaboo.com/,Lifestyle,https://www.pickaboo.com/lifestyle.html,Victoria's Secret Love Spell Body Mist 250 ml for Women,https://www.pickaboo.com/victoria-s-secret-love-spell-body-mist-250-ml-for-women.html,Victoria's Secret Love Spell Body Mist 250 ml for Women,1450,https://b2b-pickaboocdn.s3-ap-southeast-1.amazonaws.com/media/catalog/product/cache/c9c3ae6e3f78df4924e8b3b9bf50d8e7/v/s/vs-8.jpg,0
1605179204-341,https://www.pickaboo.com/,Smartphones,https://www.pickaboo.com/smartphone.html,vivo V20 SE with Free vivo Gift Box,https://www.pickaboo.com/vivo-v20-se.html,vivo V20 SE with Free vivo Gift Box,26990,https://b2b-pickaboocdn.s3-ap-southeast-1.amazonaws.com/media/catalog/product/cache/c9c3ae6e3f78df4924e8b3b9bf50d8e7/v/i/vivo-v20-se-new-content-image.jpg,0
1605178607-277,https://www.pickaboo.com/,Accessories,https://www.pickaboo.com/#,TP-Link Archer C6 AC1200 Wireless MU-MIMO Gigabit Router,https://www.pickaboo.com/tp-link-archer-c6-ac1200-wireless-mu-mimo-gigabit-router.html,TP-Link Archer C6 AC1200 Wireless MU-MIMO Gigabit Router,3490,https://b2b-pickaboocdn.s3-ap-southeast-1.amazonaws.com/media/catalog/product/cache/c9c3ae6e3f78df4924e8b3b9bf50d8e7/t/p/tp-link-archer-c6-ac1200-wireless-mu-mimo-gigabit-router.jpg,5
1605179151-335,https://www.pickaboo.com/,Smartphones,https://www.pickaboo.com/smartphone.html,vivo V20 8GB/128GB,https://www.pickaboo.com/vivo-v20-8gb-128gb.html,vivo V20 8GB/128GB,32990,https://b2b-pickaboocdn.s3-ap-southeast-1.amazonaws.com/media/catalog/product/cache/c9c3ae6e3f78df4924e8b3b9bf50d8e7/v/i/vivo-v20-8gb-128gb-new-content-image.jpg,4.1
1605178701-288,https://www.pickaboo.com/,Accessories,https://www.pickaboo.com/#,vivo Y20 4GB/64GB,https://www.pickaboo.com/vivo-y20-4gb-64gb.html,vivo Y20 4GB/64GB,14990,https://b2b-pickaboocdn.s3-ap-southeast-1.amazonaws.com/media/catalog/product/cache/c9c3ae6e3f78df4924e8b3b9bf50d8e7/v/i/vivo-y20-4gb-64gb-new-content-image.jpg,4.4
1605178466-256,https://www.pickaboo.com/,Accessories,https://www.pickaboo.com/#,Sup M3 Game Box Built in 900 Retro Classic Games in Mini Handheld Console,https://www.pickaboo.com/sup-m3-game-box-built-in-900-retro-classic-games-in-mini-handheld-console.html,Sup M3 Game Box Built in 900 Retro Classic Games in Mini Handheld Console,1449,https://b2b-pickaboocdn.s3-ap-southeast-1.amazonaws.com/media/catalog/product/cache/c9c3ae6e3f78df4924e8b3b9bf50d8e7/s/u/sup-m3-game-box-built-in-900--red-1.jpg,2.9
1605178355-242,https://www.pickaboo.com/,Lifestyle,https://www.pickaboo.com/lifestyle.html,Victoria’s Secret You Should Be Dancing Fragrance Mist 250ml,https://www.pickaboo.com/victoria-s-secret-you-should-be-dancing-fragrance-mist-250ml.html,Victoria’s Secret You Should Be Dancing Fragrance Mist 250ml,1450,https://b2b-pickaboocdn.s3-ap-southeast-1.amazonaws.com/media/catalog/product/cache/c9c3ae6e3f78df4924e8b3b9bf50d8e7/v/i/victoria_s-secret-you-should-be-dancing-fragrance-mist-250ml.jpg,0
1605179019-323,https://www.pickaboo.com/,Feature Phones,https://www.pickaboo.com/feature-phone.html,Nokia 2720 Flip 4G,https://www.pickaboo.com/nokia-2720-flip-4g.html,Nokia 2720 Flip 4G,8499,https://b2b-pickaboocdn.s3-ap-southeast-1.amazonaws.com/media/catalog/product/cache/c9c3ae6e3f78df4924e8b3b9bf50d8e7/n/o/nokia-2720-flip-4g-base.jpg,0
1605178940-315,https://www.pickaboo.com/,Feature Phones,https://www.pickaboo.com/feature-phone.html,Nokia 105 DS (2019),https://www.pickaboo.com/nokia-105-ds-2019.html,Nokia 105 DS (2019),2100,https://b2b-pickaboocdn.s3-ap-southeast-1.amazonaws.com/media/catalog/product/cache/c9c3ae6e3f78df4924e8b3b9bf50d8e7/n/o/nokia-105-brand.jpg,4.5
1605179027-324,https://www.pickaboo.com/,Feature Phones,https://www.pickaboo.com/feature-phone.html,Nokia 150 DS 2020,https://www.pickaboo.com/nokia-150-ds-2020.html,Nokia 150 DS 2020,2999,https://b2b-pickaboocdn.s3-ap-southeast-1.amazonaws.com/media/catalog/product/cache/c9c3ae6e3f78df4924e8b3b9bf50d8e7/n/o/nokia-150-ds-base.jpg,0
1605178763-297,https://www.pickaboo.com/,Electronics & Appliances,https://www.pickaboo.com/electronics-appliances.html,SS Glass holder,https://www.pickaboo.com/ss-glass-holder.html,SS Glass holder,1150,https://b2b-pickaboocdn.s3-ap-southeast-1.amazonaws.com/media/catalog/product/cache/c9c3ae6e3f78df4924e8b3b9bf50d8e7/g/l/glass-holder.jpg,0
1605178403-247,https://www.pickaboo.com/,Lifestyle,https://www.pickaboo.com/lifestyle.html,Victoria's Secret Aqua Kiss Body Mist 250 ml for Women,https://www.pickaboo.com/victoria-s-secret-aqua-kiss-body-mist-250-ml-for-women.html,Victoria's Secret Aqua Kiss Body Mist 250 ml for Women,1450,https://b2b-pickaboocdn.s3-ap-southeast-1.amazonaws.com/media/catalog/product/cache/c9c3ae6e3f78df4924e8b3b9bf50d8e7/v/i/victoria_secret_aqua_kiss.jpg,0
1605178746-294,https://www.pickaboo.com/,Electronics & Appliances,https://www.pickaboo.com/electronics-appliances.html,Silver Crest Mini Portable Juicer,https://www.pickaboo.com/silver-crest-mini-portable-juicer.html,Silver Crest Mini Portable Juicer,1900,https://b2b-pickaboocdn.s3-ap-southeast-1.amazonaws.com/media/catalog/product/cache/c9c3ae6e3f78df4924e8b3b9bf50d8e7/s/i/silver-1_1.jpg,0
1605178891-311,https://www.pickaboo.com/,Feature Phones,https://www.pickaboo.com/feature-phone.html,Nokia 230 DS,https://www.pickaboo.com/nokia-230.html,Nokia 230 DS,2100,https://b2b-pickaboocdn.s3-ap-southeast-1.amazonaws.com/media/catalog/product/cache/c9c3ae6e3f78df4924e8b3b9bf50d8e7/2/3/230_2.jpg,5
1605178542-267,https://www.pickaboo.com/,Accessories,https://www.pickaboo.com/#,SMK Twister Captain America GL 163 Full Face Helmet (Clear Visor),https://www.pickaboo.com/smk-twister-captain-america-gl-163-full-face-helmet-clear-visor.html,SMK Twister Captain America GL 163 Full Face Helmet (Clear Visor),4700,https://b2b-pickaboocdn.s3-ap-southeast-1.amazonaws.com/media/catalog/product/cache/c9c3ae6e3f78df4924e8b3b9bf50d8e7/c/a/captain-america--3.jpg,0
1605178930-314,https://www.pickaboo.com/,Feature Phones,https://www.pickaboo.com/feature-phone.html,Nokia-150 Ds,https://www.pickaboo.com/nokia-150.html,Nokia-150 Ds,2100,https://b2b-pickaboocdn.s3-ap-southeast-1.amazonaws.com/media/catalog/product/cache/c9c3ae6e3f78df4924e8b3b9bf50d8e7/n/1/n150.jpg,5
1605178556-269,https://www.pickaboo.com/,Accessories,https://www.pickaboo.com/#,Netflix 1 Screen Sharing 1 Month,https://www.pickaboo.com/netflix-1-screen-basic-package-subscription-1-month.html,Netflix 1 Screen Sharing 1 Month,250,https://b2b-pickaboocdn.s3-ap-southeast-1.amazonaws.com/media/catalog/product/cache/c9c3ae6e3f78df4924e8b3b9bf50d8e7/n/e/netflix_gift_card_artboard_1_2.jpg,3.7
1605178314-237,https://www.pickaboo.com/,Lifestyle,https://www.pickaboo.com/lifestyle.html,PRITECH PR-2144 Professional Hair Trimmer,https://www.pickaboo.com/pritech-pr-2144-professional-hair-trimmer.html,PRITECH PR-2144 Professional Hair Trimmer,1799,https://b2b-pickaboocdn.s3-ap-southeast-1.amazonaws.com/media/catalog/product/cache/c9c3ae6e3f78df4924e8b3b9bf50d8e7/2/1/2144-1.jpg,0
1605178741-293,https://www.pickaboo.com/,Electronics & Appliances,https://www.pickaboo.com/electronics-appliances.html,Round Shape Exclusive Wooden Roti Maker Jumbo Size 10 Inch with Both Side Gum  Tape and Food Grade Wrapping Poly Roll,https://www.pickaboo.com/round-shape-exclusive-wooden-roti-maker-jumbo-size-10-inch-with-both-side-gum-tape-and-food-grade-wrapping-poly-roll.html,Round Shape Exclusive Wooden Roti Maker Jumbo Size 10 Inch with Both Side Gum  Tape and Food Grade Wrapping Poly Roll,1890,,0
1605178830-308,https://www.pickaboo.com/,Electronics & Appliances,https://www.pickaboo.com/electronics-appliances.html,Bosch Compact Toaster (TAT6A111GB) - White & Grey,https://www.pickaboo.com/bosch-compact-toaster-tat6a111gb-white-dark-grey.html,Bosch Compact Toaster (TAT6A111GB) - White & Grey,5690,https://b2b-pickaboocdn.s3-ap-southeast-1.amazonaws.com/media/catalog/product/cache/c9c3ae6e3f78df4924e8b3b9bf50d8e7/b/o/bos-1.jpg,0
1605178548-268,https://www.pickaboo.com/,Accessories,https://www.pickaboo.com/#,Philips Hairdryer HP8142,https://www.pickaboo.com/philips-hairdryer-hp8142.html,Philips Hairdryer HP8142,1505,https://b2b-pickaboocdn.s3-ap-southeast-1.amazonaws.com/media/catalog/product/cache/c9c3ae6e3f78df4924e8b3b9bf50d8e7/p/h/philips-hairdryer-hp8142.jpg,0
1605178835-309,https://www.pickaboo.com/,Electronics & Appliances,https://www.pickaboo.com/electronics-appliances.html,Miyako PTC602 Electric Room Heater,https://www.pickaboo.com/miyako-ptc602-electric-room-heater.html,Miyako PTC602 Electric Room Heater,2490,https://b2b-pickaboocdn.s3-ap-southeast-1.amazonaws.com/media/catalog/product/cache/c9c3ae6e3f78df4924e8b3b9bf50d8e7/h/e/heater.jpg,0
1605179053-326,https://www.pickaboo.com/,Smartphones,https://www.pickaboo.com/smartphone.html,Redmi Note 9 4GB/64GB,https://www.pickaboo.com/redmi-note-9-4gb-64gb.html,Redmi Note 9 4GB/64GB,18999,https://b2b-pickaboocdn.s3-ap-southeast-1.amazonaws.com/media/catalog/product/cache/c9c3ae6e3f78df4924e8b3b9bf50d8e7/r/e/redmi-note9-2.jpg,5
1605178716-290,https://www.pickaboo.com/,Accessories,https://www.pickaboo.com/#,Oppo A33 3GB/32GB,https://www.pickaboo.com/oppo-a33-3gb-32gb.html,Oppo A33 3GB/32GB,13990,https://b2b-pickaboocdn.s3-ap-southeast-1.amazonaws.com/media/catalog/product/cache/c9c3ae6e3f78df4924e8b3b9bf50d8e7/o/p/oppo-a33-3gb-32gb-new-content-image.jpg,3.5
1605179073-328,https://www.pickaboo.com/,Smartphones,https://www.pickaboo.com/smartphone.html,Huawei Y5p 2GB/32GB,https://www.pickaboo.com/huawei-y5p-2gb-32gb.html,Huawei Y5p 2GB/32GB,9999,https://b2b-pickaboocdn.s3-ap-southeast-1.amazonaws.com/media/catalog/product/cache/c9c3ae6e3f78df4924e8b3b9bf50d8e7/h/u/huawei-y5p-2gb-32gb-new-content-image.jpg,4.8
1605178731-291,https://www.pickaboo.com/,Electronics & Appliances,https://www.pickaboo.com/electronics-appliances.html,High Quality Zepter Kitchen Knife Set 6 Pcs,https://www.pickaboo.com/high-quality-zepter-kitchen-knife-set-6-pcs.html,High Quality Zepter Kitchen Knife Set 6 Pcs,1595,https://b2b-pickaboocdn.s3-ap-southeast-1.amazonaws.com/media/catalog/product/cache/c9c3ae6e3f78df4924e8b3b9bf50d8e7/k/n/knife-2_1.jpg,0
1605179167-336,https://www.pickaboo.com/,Smartphones,https://www.pickaboo.com/smartphone.html,realme 7i 8GB/128GB,https://www.pickaboo.com/realme-7i.html,realme 7i 8GB/128GB,18990,https://b2b-pickaboocdn.s3-ap-southeast-1.amazonaws.com/media/catalog/product/cache/c9c3ae6e3f78df4924e8b3b9bf50d8e7/r/e/realme-7i-8gb-128gb-new-content-image.jpg,3.9
1605178994-320,https://www.pickaboo.com/,Feature Phones,https://www.pickaboo.com/feature-phone.html,Nokia 210 DS,https://www.pickaboo.com/nokia-210-ds.html,Nokia 210 DS,3085,https://b2b-pickaboocdn.s3-ap-southeast-1.amazonaws.com/media/catalog/product/cache/c9c3ae6e3f78df4924e8b3b9bf50d8e7/2/1/210-1.jpg,4.9
1605179192-339,https://www.pickaboo.com/,Smartphones,https://www.pickaboo.com/smartphone.html,realme C12 3GB/32GB,https://www.pickaboo.com/realme-c12-3gb-32gb.html,realme C12 3GB/32GB,10390,https://b2b-pickaboocdn.s3-ap-southeast-1.amazonaws.com/media/catalog/product/cache/c9c3ae6e3f78df4924e8b3b9bf50d8e7/r/e/realme-c12-1.jpg,4.7
1605178823-307,https://www.pickaboo.com/,Electronics & Appliances,https://www.pickaboo.com/electronics-appliances.html,Ankuxi Disinfected Spray Generator,https://www.pickaboo.com/ankuxi-disinfected-spray-generator.html,Ankuxi Disinfected Spray Generator,2000,https://b2b-pickaboocdn.s3-ap-southeast-1.amazonaws.com/media/catalog/product/cache/c9c3ae6e3f78df4924e8b3b9bf50d8e7/a/n/anluxi-disinfected-spray-generator.jpg,0
1605178426-250,https://www.pickaboo.com/,Lifestyle,https://www.pickaboo.com/lifestyle.html,Skmei 9217BLUBL Fashion Wristwatch for Men,https://www.pickaboo.com/skmei-9217blubl-fashion-wristwatch-for-men.html,Skmei 9217BLUBL Fashion Wristwatch for Men,1800,https://b2b-pickaboocdn.s3-ap-southeast-1.amazonaws.com/media/catalog/product/cache/c9c3ae6e3f78df4924e8b3b9bf50d8e7/9/2/9217-blue.jpg,0
1605178437-252,https://www.pickaboo.com/,Lifestyle,https://www.pickaboo.com/lifestyle.html,Skmei 9217BLBL Fashion Wristwatch for Men,https://www.pickaboo.com/skmei-9217blbl-fashion-wristwatch-for-men.html,Skmei 9217BLBL Fashion Wristwatch for Men,1800,https://b2b-pickaboocdn.s3-ap-southeast-1.amazonaws.com/media/catalog/product/cache/c9c3ae6e3f78df4924e8b3b9bf50d8e7/9/2/9217-blue-mwtal.jpg,0
1605179035-325,https://www.pickaboo.com/,Feature Phones,https://www.pickaboo.com/feature-phone.html,Nokia 110DS 2019,https://www.pickaboo.com/nokia-110ds-2019.html,Nokia 110DS 2019,2150,https://b2b-pickaboocdn.s3-ap-southeast-1.amazonaws.com/media/catalog/product/cache/c9c3ae6e3f78df4924e8b3b9bf50d8e7/n/o/nokia-110ds-2019.-basejpg.jpg,0
1605179088-330,https://www.pickaboo.com/,Smartphones,https://www.pickaboo.com/smartphone.html,Huawei Y8p 6GB/128GB,https://www.pickaboo.com/huawei-y8p-6gb-128gb.html,Huawei Y8p 6GB/128GB,25499,https://b2b-pickaboocdn.s3-ap-southeast-1.amazonaws.com/media/catalog/product/cache/c9c3ae6e3f78df4924e8b3b9bf50d8e7/h/u/huawei-y8p-6gb-128gb-new-content-image.jpg,0
1605178800-304,https://www.pickaboo.com/,Electronics & Appliances,https://www.pickaboo.com/electronics-appliances.html,Livpure Platino Copper Water Purifier,https://www.pickaboo.com/livpure-platino-copper-water-purifier.html,Livpure Platino Copper Water Purifier,31000,https://b2b-pickaboocdn.s3-ap-southeast-1.amazonaws.com/media/catalog/product/cache/c9c3ae6e3f78df4924e8b3b9bf50d8e7/l/i/livpure-platino-copper-water-purifier.jpg,0
1605179063-327,https://www.pickaboo.com/,Smartphones,https://www.pickaboo.com/smartphone.html,OPPO A12 3GB/32GB,https://www.pickaboo.com/oppo-a12-3gb-32gb.html,OPPO A12 3GB/32GB,10990,https://b2b-pickaboocdn.s3-ap-southeast-1.amazonaws.com/media/catalog/product/cache/c9c3ae6e3f78df4924e8b3b9bf50d8e7/o/p/oppo-a12-3gb-32gb-new-content-image.jpg,4
1605178348-241,https://www.pickaboo.com/,Lifestyle,https://www.pickaboo.com/lifestyle.html,PRITECH PR-2046 Professional Multipurpose Trimmer for Men,https://www.pickaboo.com/pritech-pr-2046-professional-multipurpose-trimmer-for-men.html,PRITECH PR-2046 Professional Multipurpose Trimmer for Men,1999,https://b2b-pickaboocdn.s3-ap-southeast-1.amazonaws.com/media/catalog/product/cache/c9c3ae6e3f78df4924e8b3b9bf50d8e7/2/0/2046-1.jpg,0
1605178583-273,https://www.pickaboo.com/,Accessories,https://www.pickaboo.com/#,Hp Laserjet Pro M135wifi multination Printer,https://www.pickaboo.com/hp-laserjet-pro-m135w-printer.html,Hp Laserjet Pro M135wifi multination Printer,13500,https://b2b-pickaboocdn.s3-ap-southeast-1.amazonaws.com/media/catalog/product/cache/c9c3ae6e3f78df4924e8b3b9bf50d8e7/w/i/wifi_version_1__1.jpg,0
1605178794-303,https://www.pickaboo.com/,Electronics & Appliances,https://www.pickaboo.com/electronics-appliances.html,Instant Hot Water Tap with Digital Display,https://www.pickaboo.com/instant-hot-water-tap-with-digital-display.html,Instant Hot Water Tap with Digital Display,1750,https://b2b-pickaboocdn.s3-ap-southeast-1.amazonaws.com/media/catalog/product/cache/c9c3ae6e3f78df4924e8b3b9bf50d8e7/w/a/wahser.jpg,0
1605178600-276,https://www.pickaboo.com/,Accessories,https://www.pickaboo.com/#,TEAM C175 64GB 3.0 USB Pen Drive - Black,https://www.pickaboo.com/team-c175-64gb-3-0-usb-pen-drive-black.html,TEAM C175 64GB 3.0 USB Pen Drive - Black,750,https://b2b-pickaboocdn.s3-ap-southeast-1.amazonaws.com/media/catalog/product/cache/c9c3ae6e3f78df4924e8b3b9bf50d8e7/t/e/team-c175-64gb-3.0-usb-pen-drive---black.jpg,0
1605178508-262,https://www.pickaboo.com/,Accessories,https://www.pickaboo.com/#,"Xiaomi 4S 55"" 4K Smart HDR EU Version LED TV Global Version",https://www.pickaboo.com/xiaomi-4s-55-4k-smart-hdr-eu-version-led-tv-global-version.html,"Xiaomi 4S 55"" 4K Smart HDR EU Version LED TV Global Version",62290,https://b2b-pickaboocdn.s3-ap-southeast-1.amazonaws.com/media/catalog/product/cache/c9c3ae6e3f78df4924e8b3b9bf50d8e7/5/5/55_inch_mov.jpg,0
1605178665-285,https://www.pickaboo.com/,Accessories,https://www.pickaboo.com/#,Samsung Galaxy Note 10 Lite,https://www.pickaboo.com/samsung-galaxy-note10-lite.html,Samsung Galaxy Note 10 Lite,44999,https://b2b-pickaboocdn.s3-ap-southeast-1.amazonaws.com/media/catalog/product/cache/c9c3ae6e3f78df4924e8b3b9bf50d8e7/s/a/samsung-galaxy-note-10-lite-new-content-image.jpg,4.7
1605179140-334,https://www.pickaboo.com/,Smartphones,https://www.pickaboo.com/smartphone.html,OPPO F17 8GB/128GB,https://www.pickaboo.com/oppo-f17-8gb-128gb.html,OPPO F17 8GB/128GB,22990,https://b2b-pickaboocdn.s3-ap-southeast-1.amazonaws.com/media/catalog/product/cache/c9c3ae6e3f78df4924e8b3b9bf50d8e7/o/p/oppo-f17-8gb-128gb-final-content-image.jpg,null
1605178536-266,https://www.pickaboo.com/,Accessories,https://www.pickaboo.com/#,BOSCH GCM28VW20M Serie 6 Chest Freezer,https://www.pickaboo.com/bosch-gcm28vw20m-serie-6-chest-freezer.html,BOSCH GCM28VW20M Serie 6 Chest Freezer,30490,https://b2b-pickaboocdn.s3-ap-southeast-1.amazonaws.com/media/catalog/product/cache/c9c3ae6e3f78df4924e8b3b9bf50d8e7/b/o/bosch-gcm28vw20m-serie-6-chest-freezer.jpg,4.7
1605178443-253,https://www.pickaboo.com/,Lifestyle,https://www.pickaboo.com/lifestyle.html,Skmei 9217BLSL Fashion Wristwatch for Men,https://www.pickaboo.com/skmei-9217blsl-fashion-wristwatch-for-men.html,Skmei 9217BLSL Fashion Wristwatch for Men,1800,https://b2b-pickaboocdn.s3-ap-southeast-1.amazonaws.com/media/catalog/product/cache/c9c3ae6e3f78df4924e8b3b9bf50d8e7/9/2/9217-silver-metal.jpg,0
1605179012-322,https://www.pickaboo.com/,Feature Phones,https://www.pickaboo.com/feature-phone.html,Nokia 220 4G DS,https://www.pickaboo.com/nokia-220-4g.html,Nokia 220 4G DS,3999,https://b2b-pickaboocdn.s3-ap-southeast-1.amazonaws.com/media/catalog/product/cache/c9c3ae6e3f78df4924e8b3b9bf50d8e7/n/o/nokia-220-basee.jpg,3.8
1605178622-279,https://www.pickaboo.com/,Accessories,https://www.pickaboo.com/#,Amazfit GTR 47mm Smart Watch Global Version,https://www.pickaboo.com/amazfit-gtr-47mm-smart-watch-global-version.html,Amazfit GTR 47mm Smart Watch Global Version,9890,https://b2b-pickaboocdn.s3-ap-southeast-1.amazonaws.com/media/catalog/product/cache/c9c3ae6e3f78df4924e8b3b9bf50d8e7/a/m/amazfit-gtr-47mm-aluminium-alloy-smart-watch-global-version.jpg,4.9
