web-scraper-order,web-scraper-start-url,category,category-href,products-link,products-link-href,products-name,products-price,products-image-src,products-rating,products-review
1605166776-85,https://sindabad.com/,Electrical & Lighting,https://sindabad.com/electrical-lighting.html,"Control/On-Off Switch, 15A",https://sindabad.com/control-on-off-switch-15a.html,"Control/On-Off Switch, 15A",120,https://sindabad.com/media/catalog/product/cache/15869ca78e92508fe510db2b345701fc/o/n/on.jpg,0,0
1605166919-127,https://sindabad.com/,Industrial Items,https://sindabad.com/industrial-items.html,"Air Grinding, 1/4 inches",https://sindabad.com/air-grinding-1-4-inches.html,"Air Grinding, 1/4 inches",1300,https://sindabad.com/media/catalog/product/cache/15869ca78e92508fe510db2b345701fc/a/i/air_grinding_.jpg,0,0
1605166790-90,https://sindabad.com/,Electrical & Lighting,https://sindabad.com/electrical-lighting.html,"DB Box/Panel Board, 16 Inches x 12 Inches x 6 Inches",https://sindabad.com/bd-box-16-inches-x-12-inches-x-6-inches.html,"DB Box/Panel Board, 16 Inches x 12 Inches x 6 Inches",3000,https://sindabad.com/media/catalog/product/cache/15869ca78e92508fe510db2b345701fc/w/e/website-image-grid-_sami_-recovereddfsgr.jpg,0,0
1605166836-104,https://sindabad.com/,Electrical & Lighting,https://sindabad.com/electrical-lighting.html,"Schneider Electric 250A, 3P, 36kA, MCCB (Fixed type Trip Unit)",https://sindabad.com/schneider-electric-250a-3p-36ka-mccb-fixed-type-trip-unit.html,"Schneider Electric 250A, 3P, 36kA, MCCB (Fixed type Trip Unit)",16000,https://sindabad.com/media/catalog/product/cache/15869ca78e92508fe510db2b345701fc/3/_/3_9_25.jpg,0,0
1605167231-209,https://sindabad.com/,Personal Hygiene & Beauty,https://sindabad.com/personal-hygiene-beauty.html,Lux Soft Touch Mini Soap,https://sindabad.com/lux-soft-touch-mini-soap.html,Lux Soft Touch Mini Soap,10,https://sindabad.com/media/catalog/product/cache/15869ca78e92508fe510db2b345701fc/5/8/58f59a36-6713-4883-bd34-943d1f3b14e8.jpg,0,0
1605167311-228,https://sindabad.com/,Grocery & Essentials,https://sindabad.com/grocery-essentials.html,"ACI Pure Fish Curry, 20gm",https://sindabad.com/pure-fish-curry-20gm.html,"ACI Pure Fish Curry, 20gm",10,https://sindabad.com/media/catalog/product/cache/15869ca78e92508fe510db2b345701fc/c/o/copy-of-aci-pure-fish-curry-design-_3d_.jpg,0,0
1605166684-58,https://sindabad.com/,Electronics & Appliances,https://sindabad.com/electronics-appliances.html,"Crompton Geyser, Arno Neo, 25L",https://sindabad.com/crompton-geyser-arno-neo-25l.html,"Crompton Geyser, Arno Neo, 25L",9200,https://sindabad.com/media/catalog/product/cache/15869ca78e92508fe510db2b345701fc/i/m/img1620_1.jpg,0,0
1605166832-103,https://sindabad.com/,Electrical & Lighting,https://sindabad.com/electrical-lighting.html,"Schneider Electric 1600A, 3P, 50kA, MCCB (Adjustable type Trip Unit)",https://sindabad.com/schneider-nsx-adjustable-mccb-1600a-50ka.html,"Schneider Electric 1600A, 3P, 50kA, MCCB (Adjustable type Trip Unit)",150000,https://sindabad.com/media/catalog/product/cache/15869ca78e92508fe510db2b345701fc/1/_/1_20_16.jpg,0,0
1605167307-227,https://sindabad.com/,Grocery & Essentials,https://sindabad.com/grocery-essentials.html,"ACI Pure Biriyani Masala, 40gm",https://sindabad.com/aci-pure-biriyani-masala-40-gm.html,"ACI Pure Biriyani Masala, 40gm",55,https://sindabad.com/media/catalog/product/cache/15869ca78e92508fe510db2b345701fc/a/c/aci-pure-shahi-biryani-masala-40-gm_1.jpg,0,0
1605166893-119,https://sindabad.com/,Industrial Items,https://sindabad.com/industrial-items.html,"SS Royal Bolt, 10x100mm",https://sindabad.com/ss-royal-bolt-10x100mm.html,"SS Royal Bolt, 10x100mm",25,https://sindabad.com/media/catalog/product/cache/15869ca78e92508fe510db2b345701fc/s/s/ss-304-garde-pin-type-wedge-anchor-bolt-500x500_2_1.jpg,0,0
1605167196-201,https://sindabad.com/,Stationery & Office,https://sindabad.com/stationery-office.html,"Double A Offset Paper, A4, 80 GSM (Pack of 500 Sheets)",https://sindabad.com/double-a-offset-paper-a4-80-gsm-pack-of-500-sheets-ream.html,"Double A Offset Paper, A4, 80 GSM (Pack of 500 Sheets)",410,https://sindabad.com/media/catalog/product/cache/15869ca78e92508fe510db2b345701fc/2/9/2994292343.jpg,0,0
1605166756-80,https://sindabad.com/,Chemicals & Dyes,https://sindabad.com/chemicals-dyes.html,"Potassium permanganate PPM( KMnO4), 50kg, China",https://sindabad.com/potassium-permanganate-ppm-kmno4-50kg-china.html,"Potassium permanganate PPM( KMnO4), 50kg, China",17300,https://sindabad.com/media/catalog/product/cache/15869ca78e92508fe510db2b345701fc/1/3/1350821793.jpg,0,0
1605167204-202,https://sindabad.com/,Personal Hygiene & Beauty,https://sindabad.com/personal-hygiene-beauty.html,"Face Mask, 3 Ply Disposable, Pack of 20 Pieces",https://sindabad.com/3-ply-earloop-disposable-face-mask-pack-of-20-piece.html,"Face Mask, 3 Ply Disposable, Pack of 20 Pieces",99,https://sindabad.com/media/catalog/product/cache/15869ca78e92508fe510db2b345701fc/b/2/b2_2.jpg,0,0
1605167059-164,https://sindabad.com/,Industrial Items,https://sindabad.com/industrial-items.html,"Cotton Knitted Gloves, 4 Ply, White",https://sindabad.com/bismillah-cotton-knitted-gloves-4-ply-white.html,"Cotton Knitted Gloves, 4 Ply, White",20,https://sindabad.com/media/catalog/product/cache/15869ca78e92508fe510db2b345701fc/g/l/gloves__1.jpg,0,0
1605166681-57,https://sindabad.com/,Electronics & Appliances,https://sindabad.com/electronics-appliances.html,"Crompton Geyser, Solarium Neo, 25Ltr",https://sindabad.com/crompton-geyser-solarium-neo-25ltr.html,"Crompton Geyser, Solarium Neo, 25Ltr",10695,https://sindabad.com/media/catalog/product/cache/15869ca78e92508fe510db2b345701fc/d/s/dsc_6419.jpg,0,0
1605166718-69,https://sindabad.com/,Mobile & Accessories,https://sindabad.com/mobile-accessories.html,2 in 1 USB Card Reader 2.0 + USB 2.0 3 Port Hub - SD / TF Card Reader,https://sindabad.com/2-in-1-usb-card-reader-2-0-usb-2-0-3-port-hub-sd-tf-card-reader.html,2 in 1 USB Card Reader 2.0 + USB 2.0 3 Port Hub - SD / TF Card Reader,280,https://sindabad.com/media/catalog/product/cache/15869ca78e92508fe510db2b345701fc/2/-/2-in-1-usb-card-reader-2.0.jpg,0,0
1605167277-219,https://sindabad.com/,Grocery & Essentials,https://sindabad.com/grocery-essentials.html,"Danish Lexus Vegetable Calcium Cracker, 240gm",https://sindabad.com/danish-lexus-vegetable-calcium-cracker-240gm.html,"Danish Lexus Vegetable Calcium Cracker, 240gm",70,https://sindabad.com/media/catalog/product/cache/15869ca78e92508fe510db2b345701fc/1/-/1-1059_copy.jpg,0,0
1605166787-89,https://sindabad.com/,Electrical & Lighting,https://sindabad.com/electrical-lighting.html,"Cotton Tape, 1/2 Inch, 30 Yard",https://sindabad.com/cotton-tape-1-2-inch-30-yard.html,"Cotton Tape, 1/2 Inch, 30 Yard",50,https://sindabad.com/media/catalog/product/cache/15869ca78e92508fe510db2b345701fc/_/m/_mg_1376_1_1.jpg,0,0
1605167037-158,https://sindabad.com/,Industrial Items,https://sindabad.com/industrial-items.html,"Star Plastic Straw Rope, White",https://sindabad.com/star-plastic-straw-rope-white.html,"Star Plastic Straw Rope, White",108,https://sindabad.com/media/catalog/product/cache/15869ca78e92508fe510db2b345701fc/p/l/plastic_rope_white__1.jpg,0,0
1605167049-161,https://sindabad.com/,Industrial Items,https://sindabad.com/industrial-items.html,Golden Thread Cutter TC-805B,https://sindabad.com/golden-thread-cutter-tc-805b.html,Golden Thread Cutter TC-805B,24,https://sindabad.com/media/catalog/product/cache/15869ca78e92508fe510db2b345701fc/3/1/3118247917_1_.jpg,0,0
1605166854-109,https://sindabad.com/,Electrical & Lighting,https://sindabad.com/electrical-lighting.html,ABB Auxiliary Contact Block CA5X-10,https://sindabad.com/abb-auxiliary-contact-block-ca5x-10.html,ABB Auxiliary Contact Block CA5X-10,700,https://sindabad.com/media/catalog/product/cache/15869ca78e92508fe510db2b345701fc/b/l/block.jpg,0,0
1605167004-149,https://sindabad.com/,Industrial Items,https://sindabad.com/industrial-items.html,"Strong H Cutting Machine Knife, 08 inches",https://sindabad.com/strong-h-cutting-machine-knife-08-inches.html,"Strong H Cutting Machine Knife, 08 inches",380,https://sindabad.com/media/catalog/product/cache/15869ca78e92508fe510db2b345701fc/1/1/1151079756_1.jpg,0,0
1605167153-188,https://sindabad.com/,Stationery & Office,https://sindabad.com/stationery-office.html,"Folder File, Transparent, A4",https://sindabad.com/folder-file-transparent-a4.html,"Folder File, Transparent, A4",9,https://sindabad.com/media/catalog/product/cache/15869ca78e92508fe510db2b345701fc/1/0/1012524760_1.jpg,0,0
1605167329-233,https://sindabad.com/,Grocery & Essentials,https://sindabad.com/grocery-essentials.html,"Aathash Rice, 1kg",https://sindabad.com/aathash-rice.html,"Aathash Rice, 1kg",52,https://sindabad.com/media/catalog/product/cache/15869ca78e92508fe510db2b345701fc/a/t/atahse_rice.jpg,0,0
1605167295-224,https://sindabad.com/,Grocery & Essentials,https://sindabad.com/grocery-essentials.html,"Danish Full Cream Powder Milk, 500gm",https://sindabad.com/danish-full-cream-powder-milk-500gm.html,"Danish Full Cream Powder Milk, 500gm",320,https://sindabad.com/media/catalog/product/cache/15869ca78e92508fe510db2b345701fc/p/c/pc00131.jpg,0,0
1605166875-114,https://sindabad.com/,Industrial Items,https://sindabad.com/industrial-items.html,"Air Pneumatic pipe, 6 mm",https://sindabad.com/air-pneumatic-pipe-6-mm.html,"Air Pneumatic pipe, 6 mm",1800,https://sindabad.com/media/catalog/product/cache/15869ca78e92508fe510db2b345701fc/p/i/pipe_7.jpg,0,0
1605167018-153,https://sindabad.com/,Industrial Items,https://sindabad.com/industrial-items.html,"Nikto Both Side Adhesive Tape, 40 yard, 0.5 inch",https://sindabad.com/nikto-both-side-adhesive-tape-40-yard-0-5-inch.html,"Nikto Both Side Adhesive Tape, 40 yard, 0.5 inch",43,https://sindabad.com/media/catalog/product/cache/15869ca78e92508fe510db2b345701fc/a/2/a2_1_.jpg,0,0
1605167106-176,https://sindabad.com/,Computer & IT,https://sindabad.com/computer-it.html,A4 Tech KR-85 Black Wired Multimedia Keyboard with Bangla,https://sindabad.com/a4-tech-kr-85-usb-bangla-keyboard-black.html,A4 Tech KR-85 Black Wired Multimedia Keyboard with Bangla,649,https://sindabad.com/media/catalog/product/cache/15869ca78e92508fe510db2b345701fc/a/4/a4-tech-kr-85-1_1.jpg,0,0
1605166879-115,https://sindabad.com/,Industrial Items,https://sindabad.com/industrial-items.html,4 Inch Handle,https://sindabad.com/4-inch-handle.html,4 Inch Handle,100,https://sindabad.com/media/catalog/product/cache/15869ca78e92508fe510db2b345701fc/3/5/3597.jpg,0,0
1605166843-106,https://sindabad.com/,Electrical & Lighting,https://sindabad.com/electrical-lighting.html,"Micronet SP1162S, 2 Port Wall Socket, RJ45, Cat 6 with Modular & MK Box",https://sindabad.com/micronet-sp1162s-2-port-wall-socket-rj45-cat-6-with-modular-mk-box.html,"Micronet SP1162S, 2 Port Wall Socket, RJ45, Cat 6 with Modular & MK Box",625,https://sindabad.com/media/catalog/product/cache/15869ca78e92508fe510db2b345701fc/m/i/micronet-sp1162s-wall-socket_2.jpg,0,0
1605167044-160,https://sindabad.com/,Industrial Items,https://sindabad.com/industrial-items.html,"L-Key, 20 mm",https://sindabad.com/l-key-20-mm.html,"L-Key, 20 mm",900,https://sindabad.com/media/catalog/product/cache/15869ca78e92508fe510db2b345701fc/m/o/mote0300198os20.jpg,0,0
1605166696-62,https://sindabad.com/,Electronics & Appliances,https://sindabad.com/electronics-appliances.html,Sony Alpha A6000 Mirrorless Digital Camera With 16-50mm lens,https://sindabad.com/sony-alpha-a6000-mirrorless-digital-camera-with-16-50mm-lens.html,Sony Alpha A6000 Mirrorless Digital Camera With 16-50mm lens,46400,https://sindabad.com/media/catalog/product/cache/15869ca78e92508fe510db2b345701fc/s/o/sony_alpha_a6000_16-50mm_camsoila6000l_medium_.jpg,0,0
1605166830-102,https://sindabad.com/,Electrical & Lighting,https://sindabad.com/electrical-lighting.html,"Schneider Electric 1250A, 3P, 50kA, MCCB (Adjustable type Trip Unit)",https://sindabad.com/schneider-nsx-adjustable-mccb-1250a-50ka.html,"Schneider Electric 1250A, 3P, 50kA, MCCB (Adjustable type Trip Unit)",126000,https://sindabad.com/media/catalog/product/cache/15869ca78e92508fe510db2b345701fc/1/_/1_20_15.jpg,0,0
1605167285-221,https://sindabad.com/,Grocery & Essentials,https://sindabad.com/grocery-essentials.html,"Nescafe Instant Coffee Original Bottle, 210gm",https://sindabad.com/nescafe-instant-coffee-orginal-bottle-210gm.html,"Nescafe Instant Coffee Original Bottle, 210gm",330,https://sindabad.com/media/catalog/product/cache/15869ca78e92508fe510db2b345701fc/c/o/coffer_1.jpg,0,0
1605166716-68,https://sindabad.com/,Mobile & Accessories,https://sindabad.com/mobile-accessories.html,Awei A810Bl Bluetooth 4.0 Earphones,https://sindabad.com/awei-a810bl-bluetooth-4-0-earphones.html,Awei A810Bl Bluetooth 4.0 Earphones,1310,https://sindabad.com/media/catalog/product/cache/15869ca78e92508fe510db2b345701fc/a/w/awei-a810bl-smart-wireless-bluetooth-4.0-earphones-2.jpg,0,0
1605167281-220,https://sindabad.com/,Grocery & Essentials,https://sindabad.com/grocery-essentials.html,Ispahani Mirzapore Tea Bags (Pack of 50),https://sindabad.com/ispahani-mirzapore-tea-bags-pack-of-50.html,Ispahani Mirzapore Tea Bags (Pack of 50),80,https://sindabad.com/media/catalog/product/cache/15869ca78e92508fe510db2b345701fc/c/h/chaldal_web_sticker-07_copy.jpg,0,0
1605166890-118,https://sindabad.com/,Industrial Items,https://sindabad.com/industrial-items.html,"MDF Board, 6mm, 4x8 Feet",https://sindabad.com/mdf-board-6mm.html,"MDF Board, 6mm, 4x8 Feet",1140,https://sindabad.com/media/catalog/product/cache/15869ca78e92508fe510db2b345701fc/m/b/mbf.jpg,0,0
1605167127-182,https://sindabad.com/,Computer & IT,https://sindabad.com/computer-it.html,"Logitech AP Wireless Presenter, R400",https://sindabad.com/logitech-ap-wireless-presenter-r400.html,"Logitech AP Wireless Presenter, R400",5000,https://sindabad.com/media/catalog/product/cache/15869ca78e92508fe510db2b345701fc/p/r/presenter_.jpg,0,0
1605167040-159,https://sindabad.com/,Industrial Items,https://sindabad.com/industrial-items.html,400-44393 Clamp for Juki 3500A Series 2-needle Lockstitch Machine,https://sindabad.com/400-44393-clamp-for-juki-3500a-series-2-needle-lockstitch-machine.html,400-44393 Clamp for Juki 3500A Series 2-needle Lockstitch Machine,140,https://sindabad.com/media/catalog/product/cache/15869ca78e92508fe510db2b345701fc/u/t/ut8awvexetxxxagofbxj_copy.jpg,0,0
1605166710-66,https://sindabad.com/,Mobile & Accessories,https://sindabad.com/mobile-accessories.html,"Huawei Media Pad T3 10inch, 2GB RAM, 16GB ROM",https://sindabad.com/huawei-mediapad-t3-10-2gb-ram-16gb-rom-gray.html,"Huawei Media Pad T3 10inch, 2GB RAM, 16GB ROM",21735,https://sindabad.com/media/catalog/product/cache/15869ca78e92508fe510db2b345701fc/1/0/102019-01-18.jpg,0,0
1605166928-129,https://sindabad.com/,Industrial Items,https://sindabad.com/industrial-items.html,"Golden Star Cutting Disc, 4 inches",https://sindabad.com/golden-star-cutting-disc-4-inches.html,"Golden Star Cutting Disc, 4 inches",16.2,https://sindabad.com/media/catalog/product/cache/15869ca78e92508fe510db2b345701fc/c/u/cutting_disc_2.jpg,0,0
1605166971-140,https://sindabad.com/,Industrial Items,https://sindabad.com/industrial-items.html,"Berger Robbialac Supper Gloss Synthetic Enamel Paint, 3.64 Liter, Gorgian Green",https://sindabad.com/berger-robbialac-supper-gloss-synthetic-enamel-paint-3-64-liter-gorgian-green.html,"Berger Robbialac Supper Gloss Synthetic Enamel Paint, 3.64 Liter, Gorgian Green",1335,https://sindabad.com/media/catalog/product/cache/15869ca78e92508fe510db2b345701fc/g/r/green_1_2_1.jpg,0,0
1605167272-218,https://sindabad.com/,Grocery & Essentials,https://sindabad.com/grocery-essentials.html,"Olympic Lexus Biscuit, 240gm (Pack of 12)",https://sindabad.com/olympic-lexus-biscuit-240gm-pack-of-12.html,"Olympic Lexus Biscuit, 240gm (Pack of 12)",100,https://sindabad.com/media/catalog/product/cache/15869ca78e92508fe510db2b345701fc/o/l/olympic_lexus.jpg,0,0
1605166731-73,https://sindabad.com/,Mobile & Accessories,https://sindabad.com/mobile-accessories.html,"Maximus P3, 2GB RAM, 16GB ROM Smartphone, Black",https://sindabad.com/maximus-p3-2gb-16gb-smartphone-gold.html,"Maximus P3, 2GB RAM, 16GB ROM Smartphone, Black",5999,https://sindabad.com/media/catalog/product/cache/15869ca78e92508fe510db2b345701fc/t/h/thumbnail_image-edit_700-x-850-px_front.jpg,0,0
1605166865-112,https://sindabad.com/,Electrical & Lighting,https://sindabad.com/electrical-lighting.html,"SQ BYA FRLS Cable, Black, 1X1.3 rm, 3W",https://sindabad.com/sq-bya-frls-cable-black-1x1-3-rm-3w.html,"SQ BYA FRLS Cable, Black, 1X1.3 rm, 3W",1457.4,https://sindabad.com/media/catalog/product/cache/15869ca78e92508fe510db2b345701fc/e/l/elwc0100004ocbk.jpg,0,0
1605167052-162,https://sindabad.com/,Industrial Items,https://sindabad.com/industrial-items.html,"BD Safety Helmet, White",https://sindabad.com/bd-safety-helmet-white.html,"BD Safety Helmet, White",220,https://sindabad.com/media/catalog/product/cache/15869ca78e92508fe510db2b345701fc/v/i/viking--white_9.jpg,0,0
1605166813-96,https://sindabad.com/,Electrical & Lighting,https://sindabad.com/electrical-lighting.html,"Delta Inverter, 2.2 kw, 440V, 3 Phase, VFD-B series",https://sindabad.com/delta-inverter-2-2-kw-440v-3-phase-vfd-b-series.html,"Delta Inverter, 2.2 kw, 440V, 3 Phase, VFD-B series",24000,https://sindabad.com/media/catalog/product/cache/15869ca78e92508fe510db2b345701fc/i/n/inverter.jpg,0,0
1605166886-117,https://sindabad.com/,Industrial Items,https://sindabad.com/industrial-items.html,"Amber Ply Board, 18mm, 4x8Feet",https://sindabad.com/amber-ply-board-18mmx4feetx8feet-unit-of-measure-piece.html,"Amber Ply Board, 18mm, 4x8Feet",2820,https://sindabad.com/media/catalog/product/cache/15869ca78e92508fe510db2b345701fc/p/l/ply_board_1_.jpg,0,0
1605166765-82,https://sindabad.com/,Electrical & Lighting,https://sindabad.com/electrical-lighting.html,Capacitor 8 UF,https://sindabad.com/capacitor-8-uf.html,Capacitor 8 UF,120,https://sindabad.com/media/catalog/product/cache/15869ca78e92508fe510db2b345701fc/4/1/41wlw943bal.jpg,0,0
1605166916-126,https://sindabad.com/,Industrial Items,https://sindabad.com/industrial-items.html,"Q.C Pass Sticker, 1-10 (Pack of 10)",https://sindabad.com/q-c-pass-sticker-1-10.html,"Q.C Pass Sticker, 1-10 (Pack of 10)",305,https://sindabad.com/media/catalog/product/cache/15869ca78e92508fe510db2b345701fc/q/c/qc_pass_10_black_3.jpg,0,0
1605167245-211,https://sindabad.com/,Grocery & Essentials,https://sindabad.com/grocery-essentials.html,"Bashundhara Facial Tissue, 120 x2 Ply",https://sindabad.com/bashundhara-facial-tissue-120-piecesx2-ply.html,"Bashundhara Facial Tissue, 120 x2 Ply",48,https://sindabad.com/media/catalog/product/cache/15869ca78e92508fe510db2b345701fc/n/a/napkin_120x120_2ply_pics.jpg,0,0
1605167253-213,https://sindabad.com/,Grocery & Essentials,https://sindabad.com/grocery-essentials.html,"Trix Dishwashing Liquid Refill, 250ml",https://sindabad.com/trix-dishwashing-liquid-refill-250ml.html,"Trix Dishwashing Liquid Refill, 250ml",47,https://sindabad.com/media/catalog/product/cache/15869ca78e92508fe510db2b345701fc/p/r/primary_image_9.jpg,0,0
1605166708-65,https://sindabad.com/,Mobile & Accessories,https://sindabad.com/mobile-accessories.html,"Huawei MediaPad T3 7, 2GB RAM, 16GB ROM, Space Gray",https://sindabad.com/huawei-mediapad-t3-7-2gb-ram-16gb-rom-space-gray.html,"Huawei MediaPad T3 7, 2GB RAM, 16GB ROM, Space Gray",13000,https://sindabad.com/media/catalog/product/cache/15869ca78e92508fe510db2b345701fc/2/0/2019-01-18_1.jpg,0,0
1605167015-152,https://sindabad.com/,Industrial Items,https://sindabad.com/industrial-items.html,"Brass Glove Valve, 01 Inch",https://sindabad.com/brass-glove-valve-01-inch.html,"Brass Glove Valve, 01 Inch",1700,https://sindabad.com/media/catalog/product/cache/15869ca78e92508fe510db2b345701fc/g/l/glove_valve.jpg,0,0
1605167117-179,https://sindabad.com/,Computer & IT,https://sindabad.com/computer-it.html,"Anpoll Compatible Toner For HP 26A, Black",https://sindabad.com/anpoll-compatible-toner-for-hp-26a-black.html,"Anpoll Compatible Toner For HP 26A, Black",2000,https://sindabad.com/media/catalog/product/cache/15869ca78e92508fe510db2b345701fc/h/p/hp-26a.jpg,0,0
1605167216-205,https://sindabad.com/,Personal Hygiene & Beauty,https://sindabad.com/personal-hygiene-beauty.html,"Pampers Diaper Large, 8 Count",https://sindabad.com/pampers-diaper-large-8-count.html,"Pampers Diaper Large, 8 Count",255,https://sindabad.com/media/catalog/product/cache/15869ca78e92508fe510db2b345701fc/p/a/pampers_diaper_large_8_count.jpg,0,0
1605167292-223,https://sindabad.com/,Grocery & Essentials,https://sindabad.com/grocery-essentials.html,"Arla Dano Instant Full Cream Milk Powder, BIB, 1kg",https://sindabad.com/arla-dano-instant-full-cream-milk-powder-bib-1kg.html,"Arla Dano Instant Full Cream Milk Powder, BIB, 1kg",675,https://sindabad.com/media/catalog/product/cache/15869ca78e92508fe510db2b345701fc/p/c/pc000219_1.jpg,0,0
1605166967-139,https://sindabad.com/,Industrial Items,https://sindabad.com/industrial-items.html,"Berger Robbialac Supper Gloss Synthetic Enamel Paint, Jet Black, 3.64 Liter",https://sindabad.com/berger-robbialac-supper-gloss-synthetic-enamel-paint-3-64-liter-11.html,"Berger Robbialac Supper Gloss Synthetic Enamel Paint, Jet Black, 3.64 Liter",1335,https://sindabad.com/media/catalog/product/cache/15869ca78e92508fe510db2b345701fc/g/r/green_1_4.jpg,0,0
1605166963-138,https://sindabad.com/,Industrial Items,https://sindabad.com/industrial-items.html,"Berger All Purpose Putty, 20kg",https://sindabad.com/berger-all-purpose-putty-20kg.html,"Berger All Purpose Putty, 20kg",1510,https://sindabad.com/media/catalog/product/cache/15869ca78e92508fe510db2b345701fc/c/d/cddy0500001oc00.jpg,0,0
1605166810-95,https://sindabad.com/,Electrical & Lighting,https://sindabad.com/electrical-lighting.html,"BRB Lovely Ceiling Fan, 56 inches, White",https://sindabad.com/brb-lovely-ceiling-fan-56-or-1400mm-white.html,"BRB Lovely Ceiling Fan, 56 inches, White",2885,https://sindabad.com/media/catalog/product/cache/15869ca78e92508fe510db2b345701fc/b/r/brb_ceiling_fan_4.jpg,0,0
1605167080-169,https://sindabad.com/,Computer & IT,https://sindabad.com/computer-it.html,"Huawei WTTx Router, B311As",https://sindabad.com/huawei-wttx-router-b311as.html,"Huawei WTTx Router, B311As",4999,https://sindabad.com/media/catalog/product/cache/15869ca78e92508fe510db2b345701fc/r/o/router_front_0_1.jpg,0,0
1605167011-151,https://sindabad.com/,Industrial Items,https://sindabad.com/industrial-items.html,"MS Nut Bolt with Washer, 16x125 mm",https://sindabad.com/ms-nut-bolt-with-washer-16x125-mm.html,"MS Nut Bolt with Washer, 16x125 mm",58,https://sindabad.com/media/catalog/product/cache/15869ca78e92508fe510db2b345701fc/m/s/ms-nut-bolt-washer_2.jpg,0,0
1605166993-146,https://sindabad.com/,Industrial Items,https://sindabad.com/industrial-items.html,"Bench Grinder Machine, 8inches",https://sindabad.com/bench-grinder-machine-8inches.html,"Bench Grinder Machine, 8inches",5760,https://sindabad.com/media/catalog/product/cache/15869ca78e92508fe510db2b345701fc/g/r/grinder.jpg,0,0
1605167159-190,https://sindabad.com/,Stationery & Office,https://sindabad.com/stationery-office.html,"Deli Scissors 6014, 8 Inch",https://sindabad.com/deli-scissors-6014-8-inch.html,"Deli Scissors 6014, 8 Inch",78.2,https://sindabad.com/media/catalog/product/cache/15869ca78e92508fe510db2b345701fc/d/e/deli-6009-stainless-steel-scissors-tailor-scissors-thinning-scissors.jpg,0,0
1605167069-167,https://sindabad.com/,Industrial Items,https://sindabad.com/industrial-items.html,"Mitshoboshi Standard V belt, B type, 84 Inches",https://sindabad.com/mitshoboshi-standard-v-belt-b-type-84-inches.html,"Mitshoboshi Standard V belt, B type, 84 Inches",600,https://sindabad.com/media/catalog/product/cache/15869ca78e92508fe510db2b345701fc/m/i/mitsuboshi.jpg,0,0
1605166793-91,https://sindabad.com/,Electrical & Lighting,https://sindabad.com/electrical-lighting.html,Copper Brazing Rod,https://sindabad.com/copper-brazing-rod.html,Copper Brazing Rod,35,https://sindabad.com/media/catalog/product/cache/15869ca78e92508fe510db2b345701fc/r/o/rod__1.jpg,0,0
1605167288-222,https://sindabad.com/,Grocery & Essentials,https://sindabad.com/grocery-essentials.html,"Tang Jar, 750 Gram, Orange Flavor",https://sindabad.com/tang-jar-750-gram-orange-flavor.html,"Tang Jar, 750 Gram, Orange Flavor",370,https://sindabad.com/media/catalog/product/cache/15869ca78e92508fe510db2b345701fc/o/r/ora.jpg,0,0
1605166819-98,https://sindabad.com/,Electrical & Lighting,https://sindabad.com/electrical-lighting.html,3 KVA UPS Servicing Charge,https://sindabad.com/3-kva-ups-servicing-charge.html,3 KVA UPS Servicing Charge,3200,https://sindabad.com/media/catalog/product/cache/15869ca78e92508fe510db2b345701fc/s/e/servicing-amc-500x500.jpg,0,0
1605166693-61,https://sindabad.com/,Electronics & Appliances,https://sindabad.com/electronics-appliances.html,"Duranta CB Optimus S Spd Blue, by cycle 26 Inch",https://sindabad.com/duranta-cb-optimus-s-spd-blue-by-cycle-26-inch.html,"Duranta CB Optimus S Spd Blue, by cycle 26 Inch",7805,https://sindabad.com/media/catalog/product/cache/15869ca78e92508fe510db2b345701fc/e/a/eala00000060i26.jpg,0,0
1605166981-143,https://sindabad.com/,Industrial Items,https://sindabad.com/industrial-items.html,"VSL MS Angle, 2 inchesx 2 inches, 5mm",https://sindabad.com/vsl-ms-angle-2-inchesx-2-inches-5mm.html,"VSL MS Angle, 2 inchesx 2 inches, 5mm",72,https://sindabad.com/media/catalog/product/cache/15869ca78e92508fe510db2b345701fc/0/_/0_60fc6708_2.jpeg,0,0
1605167333-234,https://sindabad.com/,Grocery & Essentials,https://sindabad.com/grocery-essentials.html,"Miniket Rice (Premium), 1kg",https://sindabad.com/minicate-rice-premium-pack-of-5kg.html,"Miniket Rice (Premium), 1kg",60,https://sindabad.com/media/catalog/product/cache/15869ca78e92508fe510db2b345701fc/a/1/a1_5_1.jpg,0,0
1605167000-148,https://sindabad.com/,Industrial Items,https://sindabad.com/industrial-items.html,"Bartek Machine Racebody, Sa3239-301, Brother",https://sindabad.com/bartek-machine-racebody-sa3239-301-brother.html,"Bartek Machine Racebody, Sa3239-301, Brother",5580,https://sindabad.com/media/catalog/product/cache/15869ca78e92508fe510db2b345701fc/1/_/1_5_1.jpg,0,0
1605166822-99,https://sindabad.com/,Electrical & Lighting,https://sindabad.com/electrical-lighting.html,"ACI Sparkle Led Bulb B22, 12W",https://sindabad.com/aci-sparkle-led-bulb-b22-12w.html,"ACI Sparkle Led Bulb B22, 12W",350,https://sindabad.com/media/catalog/product/cache/15869ca78e92508fe510db2b345701fc/s/a/save_20200625_081208.jpg,0,0
1605166935-131,https://sindabad.com/,Industrial Items,https://sindabad.com/industrial-items.html,"Masking Tape, 14 Yards, 24mm",https://sindabad.com/masking-tape-14-yards-24mm.html,"Masking Tape, 14 Yards, 24mm",14,https://sindabad.com/media/catalog/product/cache/15869ca78e92508fe510db2b345701fc/m/a/masking_tape_1_2.jpg,0,0
1605166779-86,https://sindabad.com/,Electrical & Lighting,https://sindabad.com/electrical-lighting.html,"Fuji AR22PR-210B Selector Switch, Auto/Manual, 2 Position",https://sindabad.com/fuji-ar22pr-210b-selector-switch-auto-manual-2-position.html,"Fuji AR22PR-210B Selector Switch, Auto/Manual, 2 Position",982.36,https://sindabad.com/media/catalog/product/cache/15869ca78e92508fe510db2b345701fc/e/l/elds0100005oc00.jpg,0,0
1605166743-76,https://sindabad.com/,Chemicals & Dyes,https://sindabad.com/chemicals-dyes.html,"Kukdong Machine Oil, Grade 500",https://sindabad.com/kukdong-machine-oil.html,"Kukdong Machine Oil, Grade 500",27000,https://sindabad.com/media/catalog/product/cache/15869ca78e92508fe510db2b345701fc/2/3/2340626747-1_1.jpg,0,0
1605167163-191,https://sindabad.com/,Stationery & Office,https://sindabad.com/stationery-office.html,"Diamond Binder Clip, Black, 19 mm (Pack of 12)",https://sindabad.com/diamond-binder-clip-black-19-mm-pack-of-12.html,"Diamond Binder Clip, Black, 19 mm (Pack of 12)",14.55,https://sindabad.com/media/catalog/product/cache/15869ca78e92508fe510db2b345701fc/o/f/office-binder-clips-black-3-3cm-x-19mm-2-boxes-approx-40-pcs-box-2015-new_1_1.jpg,0,0
1605167087-171,https://sindabad.com/,Computer & IT,https://sindabad.com/computer-it.html,"Walton Desktop RAM DDR4 2400 4GB, WDR4L0424NN1",https://sindabad.com/walton-desktop-ram-ddr4-2400-4gb-wdr4l0424nn1.html,"Walton Desktop RAM DDR4 2400 4GB, WDR4L0424NN1",2300,https://sindabad.com/media/catalog/product/cache/15869ca78e92508fe510db2b345701fc/i/m/image-edit-for-website_700-x-850_2_cicp04000610cbk-px_1.jpg,0,0
1605167269-217,https://sindabad.com/,Grocery & Essentials,https://sindabad.com/grocery-essentials.html,"All Time Premium Bake RUSK Biscuit, 310 gm",https://sindabad.com/all-time-premium-bake-rusk-biscuit-310-gm.html,"All Time Premium Bake RUSK Biscuit, 310 gm",50,https://sindabad.com/media/catalog/product/cache/15869ca78e92508fe510db2b345701fc/r/u/rusk.jpg,0,0
1605166910-124,https://sindabad.com/,Industrial Items,https://sindabad.com/industrial-items.html,"Casio Stop Watch, HS-70W",https://sindabad.com/stop-watch-hs-70w.html,"Casio Stop Watch, HS-70W",5400,https://sindabad.com/media/catalog/product/cache/15869ca78e92508fe510db2b345701fc/c/a/casio-stopwatch-hs-70w_2_.jpg,0,0
1605166824-100,https://sindabad.com/,Electrical & Lighting,https://sindabad.com/electrical-lighting.html,Rechargeable flash light torch,https://sindabad.com/rechargeable-flash-light-torch.html,Rechargeable flash light torch,900,https://sindabad.com/media/catalog/product/cache/15869ca78e92508fe510db2b345701fc/e/a/easa02000033oc00.jpg,0,0
1605166721-70,https://sindabad.com/,Mobile & Accessories,https://sindabad.com/mobile-accessories.html,Proda Power Bank 10000 mAh.,https://sindabad.com/remax-proda-power-bank.html,Proda Power Bank 10000 mAh.,730,https://sindabad.com/media/catalog/product/cache/15869ca78e92508fe510db2b345701fc/r/e/remax-proda-universal-30000-mah-power-bank-20000mah-battery-charger-dual-usb-led-light-portable-lcd.jpg,0,0
1605166990-145,https://sindabad.com/,Industrial Items,https://sindabad.com/industrial-items.html,Bosch GBH 226 DRE Rotary Hammer SDS Plus,https://sindabad.com/bosch-gbh-226-dre-rotary-hammer-sds-plus.html,Bosch GBH 226 DRE Rotary Hammer SDS Plus,20160,https://sindabad.com/media/catalog/product/cache/15869ca78e92508fe510db2b345701fc/t/e/teet0300014os226.jpg,0,0
1605166954-136,https://sindabad.com/,Industrial Items,https://sindabad.com/industrial-items.html,"Susei Plain Presser Foot, Heavy, Compatible with Single Needle All Brand",https://sindabad.com/susei-plain-presser-foot-heavy-compatible-with-single-needle-all-brand.html,"Susei Plain Presser Foot, Heavy, Compatible with Single Needle All Brand",36,https://sindabad.com/media/catalog/product/cache/15869ca78e92508fe510db2b345701fc/p/l/plain_machine_plain_feed_heavy_.jpg,0,0
1605167174-194,https://sindabad.com/,Stationery & Office,https://sindabad.com/stationery-office.html,Kangaro HD 45 Stapler Machine,https://sindabad.com/kangaro-hd-45-stapler-machine.html,Kangaro HD 45 Stapler Machine,120,https://sindabad.com/media/catalog/product/cache/15869ca78e92508fe510db2b345701fc/h/d/hd45.jpg,0,0
1605166784-88,https://sindabad.com/,Electrical & Lighting,https://sindabad.com/electrical-lighting.html,"Cotton tape, All Size -3/4''-30 Yard(গজ)",https://sindabad.com/cotton-tape-all-size-3-4-30-yard.html,"Cotton tape, All Size -3/4''-30 Yard(গজ)",45,https://sindabad.com/media/catalog/product/cache/15869ca78e92508fe510db2b345701fc/c/o/cotton_tape__6.jpg,0,0
1605167142-186,https://sindabad.com/,Computer & IT,https://sindabad.com/computer-it.html,"Dell D1918H LED Monitor , 18.5 Inch",https://sindabad.com/dell-d1918h-led-monitor-18-5-inch.html,"Dell D1918H LED Monitor , 18.5 Inch",6999,https://sindabad.com/media/catalog/product/cache/15869ca78e92508fe510db2b345701fc/d/e/dell-d1918h-185-inch-res-1366-x-768-led-11564576486.jpg,0,0
1605166902-122,https://sindabad.com/,Industrial Items,https://sindabad.com/industrial-items.html,"Air Pneumatic pipe, 10mm",https://sindabad.com/air-pneumatic-pipe-10-mm.html,"Air Pneumatic pipe, 10mm",4000,https://sindabad.com/media/catalog/product/cache/15869ca78e92508fe510db2b345701fc/p/i/pipe_6.jpg,0,0
1605166974-141,https://sindabad.com/,Industrial Items,https://sindabad.com/industrial-items.html,A1 Thread Tape,https://sindabad.com/a1-thread-tape.html,A1 Thread Tape,19,https://sindabad.com/media/catalog/product/cache/15869ca78e92508fe510db2b345701fc/5/_/5_copy.jpg,0,0
1605166978-142,https://sindabad.com/,Industrial Items,https://sindabad.com/industrial-items.html,"GI Sheet, 0.8mm (4x8 Feet)",https://sindabad.com/gi-sheet-0-8mm-4x8-feet.html,"GI Sheet, 0.8mm (4x8 Feet)",2150,https://sindabad.com/media/catalog/product/cache/15869ca78e92508fe510db2b345701fc/b/c/bccm010080mm0p8_1.jpg,0,0
1605167026-155,https://sindabad.com/,Industrial Items,https://sindabad.com/industrial-items.html,"Gum Tape, Yellowish, 50 yard, 57mm",https://sindabad.com/gum-tape-yellowish-50-yard-57mm.html,"Gum Tape, Yellowish, 50 yard, 57mm",32,https://sindabad.com/media/catalog/product/cache/15869ca78e92508fe510db2b345701fc/6/1/61.jpg,0,0
1605166795-92,https://sindabad.com/,Electrical & Lighting,https://sindabad.com/electrical-lighting.html,"Autopower PVC MCB Distribution Box, 4-6 Way",https://sindabad.com/autopower-pvc-mcb-distribution-box-4-6-way.html,"Autopower PVC MCB Distribution Box, 4-6 Way",440,https://sindabad.com/media/catalog/product/cache/15869ca78e92508fe510db2b345701fc/4/_/4_3_8.jpg,0,0
1605167166-192,https://sindabad.com/,Stationery & Office,https://sindabad.com/stationery-office.html,Local Magazine File Holder,https://sindabad.com/local-magazine-file-holder.html,Local Magazine File Holder,37,https://sindabad.com/media/catalog/product/cache/15869ca78e92508fe510db2b345701fc/m/a/magazine_1.jpg,0,0
1605166950-135,https://sindabad.com/,Industrial Items,https://sindabad.com/industrial-items.html,"Seam Ripper Sewing, Stitch Opener",https://sindabad.com/seam-ripper-sewing-stitch-opener.html,"Seam Ripper Sewing, Stitch Opener",16,https://sindabad.com/media/catalog/product/cache/15869ca78e92508fe510db2b345701fc/4/p/4pcs-lot-steel-plastic-handle-craft-thread-cutter-font-b-seam-b-font-font-b-ripper_1_.jpg,0,0
1605167224-207,https://sindabad.com/,Personal Hygiene & Beauty,https://sindabad.com/personal-hygiene-beauty.html,"Pampers Diaper Large, 24 Count",https://sindabad.com/pampers-diaper-large-24-count.html,"Pampers Diaper Large, 24 Count",536,https://sindabad.com/media/catalog/product/cache/15869ca78e92508fe510db2b345701fc/p/r/premium-care-pants-diapers-large-24-count-l-24-pampers-original-imafjrhezbmzdtgc.jpeg,0,0
1605167090-172,https://sindabad.com/,Computer & IT,https://sindabad.com/computer-it.html,Gigabyte 81 Motherboard 1150 LGA,https://sindabad.com/gigabyte-81-motherboard-h81m-ds2v.html,Gigabyte 81 Motherboard 1150 LGA,6999,https://sindabad.com/media/catalog/product/cache/15869ca78e92508fe510db2b345701fc/1/2/12_1.jpg,0,0
1605166932-130,https://sindabad.com/,Industrial Items,https://sindabad.com/industrial-items.html,"Gum Tape, Yellowish, 50 yard, 70mm",https://sindabad.com/gum-tape-yellowish-50-yard-70mm.html,"Gum Tape, Yellowish, 50 yard, 70mm",40,https://sindabad.com/media/catalog/product/cache/15869ca78e92508fe510db2b345701fc/y/e/yellow_3_2.jpg,0,0
1605166847-107,https://sindabad.com/,Electrical & Lighting,https://sindabad.com/electrical-lighting.html,MK 13 AMP 3 Pin Plug Monobloc 646WHI,https://sindabad.com/mk-3-pin-plug-13-amp.html,MK 13 AMP 3 Pin Plug Monobloc 646WHI,550,https://sindabad.com/media/catalog/product/cache/15869ca78e92508fe510db2b345701fc/m/u/multi_pin.jpg,0,0
1605167094-173,https://sindabad.com/,Computer & IT,https://sindabad.com/computer-it.html,"Adata Desktop RAM 4GB, DDR3 1600 MHz",https://sindabad.com/adata-desktop-ram-4gb-ddr3-1600-mhz.html,"Adata Desktop RAM 4GB, DDR3 1600 MHz",2800,https://sindabad.com/media/catalog/product/cache/15869ca78e92508fe510db2b345701fc/p/r/productgallery4237_copy.jpg,0,0
1605166690-60,https://sindabad.com/,Electronics & Appliances,https://sindabad.com/electronics-appliances.html,"Walton WCF-1D5-GDEL-XX Deep Freezer, 146 Liter",https://sindabad.com/walton-wcf-1d5-gdel-xx-deep-freezer-146-liter.html,"Walton WCF-1D5-GDEL-XX Deep Freezer, 146 Liter",21072,https://sindabad.com/media/catalog/product/cache/15869ca78e92508fe510db2b345701fc/w/c/wcf-1d5-gdel.jpg,0,0
1605167077-168,https://sindabad.com/,Computer & IT,https://sindabad.com/computer-it.html,Prolink WN2001 150Mbps Wireless-N Nano USB Network Adapter,https://sindabad.com/prolink-wn2001-150mbps-wireless-n-nano-usb-network-adapter.html,Prolink WN2001 150Mbps Wireless-N Nano USB Network Adapter,720,https://sindabad.com/media/catalog/product/cache/15869ca78e92508fe510db2b345701fc/c/i/cinp03000380cbk.jpg,0,0
1605166947-134,https://sindabad.com/,Industrial Items,https://sindabad.com/industrial-items.html,"Deer Cafe Chair, Orange",https://sindabad.com/deer-cafe-chair-orange.html,"Deer Cafe Chair, Orange",1501.2,https://sindabad.com/media/catalog/product/cache/15869ca78e92508fe510db2b345701fc/d/e/deer-cafe-chair.jpg,0,0
1605167182-197,https://sindabad.com/,Stationery & Office,https://sindabad.com/stationery-office.html,"Red Leaf 707 Permanent Marker, Black (Pack of 12)",https://sindabad.com/red-leaf-707-permanent-marker-black-pack-of-12.html,"Red Leaf 707 Permanent Marker, Black (Pack of 12)",520,https://sindabad.com/media/catalog/product/cache/15869ca78e92508fe510db2b345701fc/b/l/black_marker_4.jpg,0,0
1605167300-225,https://sindabad.com/,Grocery & Essentials,https://sindabad.com/grocery-essentials.html,"Danish Sweetened Condensed Milk, 397gm",https://sindabad.com/danish-sweetened-condensed-milk-397gm.html,"Danish Sweetened Condensed Milk, 397gm",60,https://sindabad.com/media/catalog/product/cache/15869ca78e92508fe510db2b345701fc/d/a/danish_condensed_milk-500x500.jpg,0,0
1605167146-187,https://sindabad.com/,Computer & IT,https://sindabad.com/computer-it.html,"Customized PC 7, Intel Core i3-3th gen, Intel H-61 Motherboard, WD 500 GB Sata Hard Disk Drive, A4 Tech KR-83 Bangla USB keyboard, A4 Tech OP-620 V-Track USB Mouse",https://sindabad.com/customized-pc-7-intel-core-i3-3th-gen-intel-h-61-motherboard-wd-500-gb-sata-hard-disk-drive-a4-tech-kr-83-bangla-usb-keyboard-a4-tech-op-620-v-track-usb-mouse.html,"Customized PC 7, Intel Core i3-3th gen, Intel H-61 Motherboard, WD 500 GB Sata Hard Disk Drive, A4 Tech KR-83 Bangla USB keyboard, A4 Tech OP-620 V-Track USB Mouse",10000,https://sindabad.com/media/catalog/product/cache/15869ca78e92508fe510db2b345701fc/o/f/office.jpg,0,0
1605166769-83,https://sindabad.com/,Electrical & Lighting,https://sindabad.com/electrical-lighting.html,Capacitor 1.5uf,https://sindabad.com/capacitor-1-5uf.html,Capacitor 1.5uf,55,https://sindabad.com/media/catalog/product/cache/15869ca78e92508fe510db2b345701fc/b/1/b1d202560cc3e43b25310cfd51d627c6.jpg_720x720q75.jpg,0,0
1605167110-177,https://sindabad.com/,Computer & IT,https://sindabad.com/computer-it.html,"A4 Tech Comfort Wired Keyboard, KR 92, Black",https://sindabad.com/a4-tech-comfort-wired-keyboard-kr-92-black.html,"A4 Tech Comfort Wired Keyboard, KR 92, Black",600,https://sindabad.com/media/catalog/product/cache/15869ca78e92508fe510db2b345701fc/a/4/a4tech-kr-92.jpg,0,0
1605166827-101,https://sindabad.com/,Electrical & Lighting,https://sindabad.com/electrical-lighting.html,Verivide D65 T8 Artificial Day Light 4 Feet,https://sindabad.com/verivide-t8-tubelight-artificial-day-light-cie-d65-w-36-4-feet.html,Verivide D65 T8 Artificial Day Light 4 Feet,3250,https://sindabad.com/media/catalog/product/cache/15869ca78e92508fe510db2b345701fc/v/e/verivide-36watt.jpg,0,0
1605166906-123,https://sindabad.com/,Industrial Items,https://sindabad.com/industrial-items.html,"Pneumatic Nipple, 1/2x12mm",https://sindabad.com/pneumatic-nipple-1-2x12mm.html,"Pneumatic Nipple, 1/2x12mm",50,https://sindabad.com/media/catalog/product/cache/15869ca78e92508fe510db2b345701fc/w/e/website-image-grid-_sami_df.jpg,0,0
1605167055-163,https://sindabad.com/,Industrial Items,https://sindabad.com/industrial-items.html,"Vaultex Safety Shoes, Size 40",https://sindabad.com/safety-shoe-vaultex-40.html,"Vaultex Safety Shoes, Size 40",1375,https://sindabad.com/media/catalog/product/cache/15869ca78e92508fe510db2b345701fc/v/a/vaultex-2_2_7.jpg,0,0
1605166868-113,https://sindabad.com/,Electrical & Lighting,https://sindabad.com/electrical-lighting.html,Tesa PVC Tape Yellow,https://sindabad.com/tesa-pvc-tape-yellow.html,Tesa PVC Tape Yellow,25,https://sindabad.com/media/catalog/product/cache/15869ca78e92508fe510db2b345701fc/t/e/tesa_4.jpg,0,0
1605167113-178,https://sindabad.com/,Computer & IT,https://sindabad.com/computer-it.html,A DATA SU650 120GB 2.5 Inch SATAIII SSD #ASU650SS-120GT-R,https://sindabad.com/a-data-su650-120gb-2-5-inch-sataiii-ssd-asu650ss-120gt-r.html,A DATA SU650 120GB 2.5 Inch SATAIII SSD #ASU650SS-120GT-R,2200,https://sindabad.com/media/catalog/product/cache/15869ca78e92508fe510db2b345701fc/c/i/ciap04002020cbk_1_.jpg,0,0
1605166997-147,https://sindabad.com/,Industrial Items,https://sindabad.com/industrial-items.html,"Bartek Machine Shuttle Driver, 152682-201, Brother",https://sindabad.com/bartek-machine-shuttle-driver-152682-201-brother.html,"Bartek Machine Shuttle Driver, 152682-201, Brother",500,https://sindabad.com/media/catalog/product/cache/15869ca78e92508fe510db2b345701fc/2/_/2_3_10.jpg,0,0
1605167238-210,https://sindabad.com/,Personal Hygiene & Beauty,https://sindabad.com/personal-hygiene-beauty.html,"Savlon Handwash, Ocean Blue, 1 Liter",https://sindabad.com/savlon-hand-wash-ocean-blue-1-liter.html,"Savlon Handwash, Ocean Blue, 1 Liter",230,https://sindabad.com/media/catalog/product/cache/15869ca78e92508fe510db2b345701fc/s/a/savlon_hand_wash_ocean_blue_1000ml.jpg,0,0
1605167220-206,https://sindabad.com/,Personal Hygiene & Beauty,https://sindabad.com/personal-hygiene-beauty.html,"Pampers Diaper Large, 44 Count",https://sindabad.com/pampers-diaper-large-44-count.html,"Pampers Diaper Large, 44 Count",1219,https://sindabad.com/media/catalog/product/cache/15869ca78e92508fe510db2b345701fc/p/a/pampers_diaper_large_44_count.jpg,0,0
1605167261-215,https://sindabad.com/,Grocery & Essentials,https://sindabad.com/grocery-essentials.html,Diamond Potato (Alu),https://sindabad.com/diamond-potato-alu.html,Diamond Potato (Alu),48,https://sindabad.com/media/catalog/product/cache/15869ca78e92508fe510db2b345701fc/d/i/diamond-potato-12_1_1.jpg,0,0
1605167265-216,https://sindabad.com/,Grocery & Essentials,https://sindabad.com/grocery-essentials.html,"Onion (TCB Imported), 1 Kg",https://sindabad.com/onion-tcb-imported.html,"Onion (TCB Imported), 1 Kg",36,https://sindabad.com/media/catalog/product/cache/15869ca78e92508fe510db2b345701fc/a/e/aew5wq_1_.jpg,0,0
1605166896-120,https://sindabad.com/,Industrial Items,https://sindabad.com/industrial-items.html,"SS Nut, Bolt with Washer, 16mm, 3 inches",https://sindabad.com/ss-nut-bolt-with-washer-16mm-3.html,"SS Nut, Bolt with Washer, 16mm, 3 inches",70,https://sindabad.com/media/catalog/product/cache/15869ca78e92508fe510db2b345701fc/n/u/nut_1_2.jpg,0,0
1605167021-154,https://sindabad.com/,Industrial Items,https://sindabad.com/industrial-items.html,"Scotia Gum Tape, Yellowish, 50 Yard, 48mm",https://sindabad.com/scotia-gum-tape-50-yard-2-inch.html,"Scotia Gum Tape, Yellowish, 50 Yard, 48mm",31,https://sindabad.com/media/catalog/product/cache/15869ca78e92508fe510db2b345701fc/e/c/ec2a9360_0f17-fk_3.jpg,0,0
1605166899-121,https://sindabad.com/,Industrial Items,https://sindabad.com/industrial-items.html,"Air Pneumatic Pipe, 12mm",https://sindabad.com/air-pneumatic-pipe-12mm.html,"Air Pneumatic Pipe, 12mm",4600,https://sindabad.com/media/catalog/product/cache/15869ca78e92508fe510db2b345701fc/p/i/pipe_4.jpg,0,0
1605167186-198,https://sindabad.com/,Stationery & Office,https://sindabad.com/stationery-office.html,"Matador Hi-School Ballpen, Black (Pack of 12)",https://sindabad.com/matador-hi-school-ballpen-black-pack-of-12.html,"Matador Hi-School Ballpen, Black (Pack of 12)",60,https://sindabad.com/media/catalog/product/cache/15869ca78e92508fe510db2b345701fc/2/6/2675780698-4_1.jpg,0,0
1605167188-199,https://sindabad.com/,Stationery & Office,https://sindabad.com/stationery-office.html,"Papertech Offset Paper, A4, 80 GSM (Pack of 500 Sheets)",https://sindabad.com/papertech-offset-paper-a4-80-gsm-pack-of-500-sheets-ream.html,"Papertech Offset Paper, A4, 80 GSM (Pack of 500 Sheets)",330,https://sindabad.com/media/catalog/product/cache/15869ca78e92508fe510db2b345701fc/8/0/80gsm.jpg,0,0
1605167303-226,https://sindabad.com/,Grocery & Essentials,https://sindabad.com/grocery-essentials.html,"ACI Pure Chicken Curry Masala, 20gm",https://sindabad.com/pure-chicken-curry-masala-20gm.html,"ACI Pure Chicken Curry Masala, 20gm",15,https://sindabad.com/media/catalog/product/cache/15869ca78e92508fe510db2b345701fc/c/o/copy-of-chicken-curry-3d-packet-.jpg,0,0
1605167176-195,https://sindabad.com/,Stationery & Office,https://sindabad.com/stationery-office.html,"Kangaro Stapler Pins, 24/6, Blue",https://sindabad.com/kangaro-stapler-pins-24-6-blue.html,"Kangaro Stapler Pins, 24/6, Blue",19.5,https://sindabad.com/media/catalog/product/cache/15869ca78e92508fe510db2b345701fc/k/a/kangaro-stapler-pins-no.24-6_copy.jpg,0,0
1605166750-78,https://sindabad.com/,Chemicals & Dyes,https://sindabad.com/chemicals-dyes.html,"BASF Sodium metabisulfite, Na2S2O5, Germany, 25kg",https://sindabad.com/basf-sodium-metabisulfite-na2s2o5-germany-25kg.html,"BASF Sodium metabisulfite, Na2S2O5, Germany, 25kg",1550,https://sindabad.com/media/catalog/product/cache/15869ca78e92508fe510db2b345701fc/5/2/5285334318_1.jpg,0,0
1605166762-81,https://sindabad.com/,Electrical & Lighting,https://sindabad.com/electrical-lighting.html,"Fan Capacitor, 3.5UF",https://sindabad.com/fan-capacitor-all-size-3-5uf.html,"Fan Capacitor, 3.5UF",100,https://sindabad.com/media/catalog/product/cache/15869ca78e92508fe510db2b345701fc/e/e/eex5601.jpg,0,0
1605167098-174,https://sindabad.com/,Computer & IT,https://sindabad.com/computer-it.html,Logitech BCC950 HD 1080p Camera Video Conference Webcam,https://sindabad.com/logitech-bcc950-hd-1080p-camera-video-conference-webcam.html,Logitech BCC950 HD 1080p Camera Video Conference Webcam,22000,https://sindabad.com/media/catalog/product/cache/15869ca78e92508fe510db2b345701fc/l/o/logitech-conferencecam-bcc950-_960-000939_.jpg,0,0
1605166943-133,https://sindabad.com/,Industrial Items,https://sindabad.com/industrial-items.html,"Door Closer, U/L Certified",https://sindabad.com/door-closer-u-l-certified.html,"Door Closer, U/L Certified",6480,https://sindabad.com/media/catalog/product/cache/15869ca78e92508fe510db2b345701fc/7/3/737874123435_ca_copy.jpg,0,0
1605167029-156,https://sindabad.com/,Industrial Items,https://sindabad.com/industrial-items.html,"Star Plastic Straw Rope, Red",https://sindabad.com/star-plastic-straw-rope-red.html,"Star Plastic Straw Rope, Red",91.2,https://sindabad.com/media/catalog/product/cache/15869ca78e92508fe510db2b345701fc/r/e/red_2.jpg,0,0
1605167135-184,https://sindabad.com/,Computer & IT,https://sindabad.com/computer-it.html,Targus AMP30GL Wireless USB Black Presenter with Laser Pointer,https://sindabad.com/targus-amp30gl-wireless-usb-black-presenter-with-laser-pointer.html,Targus AMP30GL Wireless USB Black Presenter with Laser Pointer,2350,https://sindabad.com/media/catalog/product/cache/15869ca78e92508fe510db2b345701fc/t/a/targus-amp30gl-50-p30-500x500_1_.jpg,0,0
1605167249-212,https://sindabad.com/,Grocery & Essentials,https://sindabad.com/grocery-essentials.html,"Bashundhara Toilet Tissue, Regular White",https://sindabad.com/bashundhara-toilet-tissue-regular-white.html,"Bashundhara Toilet Tissue, Regular White",15,https://sindabad.com/media/catalog/product/cache/15869ca78e92508fe510db2b345701fc/b/l/blacnk_image_format_for_sindabad_111.jpg,0,0
1605167083-170,https://sindabad.com/,Computer & IT,https://sindabad.com/computer-it.html,"GP 4G MODEM, ZTE MF833T",https://sindabad.com/gp-4g-modem-zte-mf833t.html,"GP 4G MODEM, ZTE MF833T",1999,https://sindabad.com/media/catalog/product/cache/15869ca78e92508fe510db2b345701fc/m/o/modem_png_1.jpg,0,0
1605167228-208,https://sindabad.com/,Personal Hygiene & Beauty,https://sindabad.com/personal-hygiene-beauty.html,"Dettol Soap Original, 75gm",https://sindabad.com/dettol-soap-original-75gm.html,"Dettol Soap Original, 75gm",36.04,https://sindabad.com/media/catalog/product/cache/15869ca78e92508fe510db2b345701fc/1/_/1_44.jpg,0,0
1605167170-193,https://sindabad.com/,Stationery & Office,https://sindabad.com/stationery-office.html,Deli 0222 Mini Stapler Machine,https://sindabad.com/deli-0222-mini-stapler-machine.html,Deli 0222 Mini Stapler Machine,27,https://sindabad.com/media/catalog/product/cache/15869ca78e92508fe510db2b345701fc/s/t/sty00024_2.jpg,0,0
1605166724-71,https://sindabad.com/,Mobile & Accessories,https://sindabad.com/mobile-accessories.html,"Maximus D7, 1GB RAM, 8GB ROM, Black",https://sindabad.com/maximus-d7-1gb-ram-8gb-rom-black.html,"Maximus D7, 1GB RAM, 8GB ROM, Black",3499,https://sindabad.com/media/catalog/product/cache/15869ca78e92508fe510db2b345701fc/m/a/maximus-d7-2.jpg,0,0
1605166702-64,https://sindabad.com/,Electronics & Appliances,https://sindabad.com/electronics-appliances.html,"Canon EOS 250D, EF-S 18-55mm f/4-5.6 IS STM Lens, Black",https://sindabad.com/canon-eos-250d-ef-s-18-55mm-f-4-5-6-is-stm-lens-black.html,"Canon EOS 250D, EF-S 18-55mm f/4-5.6 IS STM Lens, Black",56499,https://sindabad.com/media/catalog/product/cache/15869ca78e92508fe510db2b345701fc/c/a/canon_250d.jpg,0,0
1605166804-93,https://sindabad.com/,Electrical & Lighting,https://sindabad.com/electrical-lighting.html,"Blower Exhausted Fan, 16 inches",https://sindabad.com/blower-exhausted-fan-16-inches.html,"Blower Exhausted Fan, 16 inches",6875,https://sindabad.com/media/catalog/product/cache/15869ca78e92508fe510db2b345701fc/7/1/71hldzs3thl._ac_sy450_.jpg,0,0
1605166850-108,https://sindabad.com/,Electrical & Lighting,https://sindabad.com/electrical-lighting.html,ABB Auxiliary Contact Block CA5X-22E,https://sindabad.com/abb-auxiliary-contact-block-ca5x-22e.html,ABB Auxiliary Contact Block CA5X-22E,1500,https://sindabad.com/media/catalog/product/cache/15869ca78e92508fe510db2b345701fc/b/l/block_2.jpg,0,0
1605166773-84,https://sindabad.com/,Electrical & Lighting,https://sindabad.com/electrical-lighting.html,Fuji Emergency Stop Switch,https://sindabad.com/fuji-emergency-stop-switch.html,Fuji Emergency Stop Switch,1171,https://sindabad.com/media/catalog/product/cache/15869ca78e92508fe510db2b345701fc/e/l/elbl0100000348.jpg,0,0
1605167325-232,https://sindabad.com/,Grocery & Essentials,https://sindabad.com/grocery-essentials.html,"ACI Pure Chinigura Aromatic Rice, 2kg",https://sindabad.com/aci-pure-chinigura-aromatic-rice-2-kg.html,"ACI Pure Chinigura Aromatic Rice, 2kg",230,https://sindabad.com/media/catalog/product/cache/15869ca78e92508fe510db2b345701fc/a/r/aromatic-chal.jpg,0,0
1605166857-110,https://sindabad.com/,Electrical & Lighting,https://sindabad.com/electrical-lighting.html,ABB Auxiliary Contact Block CA5X-01,https://sindabad.com/abb-auxiliary-contact-block-ca5x-01.html,ABB Auxiliary Contact Block CA5X-01,700,https://sindabad.com/media/catalog/product/cache/15869ca78e92508fe510db2b345701fc/b/l/block_1.jpg,0,0
1605167066-166,https://sindabad.com/,Industrial Items,https://sindabad.com/industrial-items.html,"Mitsubishi V Belt, B Type, 106 Inch",https://sindabad.com/mitsubishi-v-belt-b106-type-b-106-inch.html,"Mitsubishi V Belt, B Type, 106 Inch",810,https://sindabad.com/media/catalog/product/cache/15869ca78e92508fe510db2b345701fc/t/h/thumbnail_9906745896_1_1_1.jpg,0,0
1605167179-196,https://sindabad.com/,Stationery & Office,https://sindabad.com/stationery-office.html,"Apsara Eraser, Non Dust",https://sindabad.com/apsara-eraser-non-dust.html,"Apsara Eraser, Non Dust",3.88,https://sindabad.com/media/catalog/product/cache/15869ca78e92508fe510db2b345701fc/a/p/apsara-non-dust-eraser-500x500.jpg,0,0
1605166839-105,https://sindabad.com/,Electrical & Lighting,https://sindabad.com/electrical-lighting.html,"Micronet SP1162S-1, 1Port Wall Socket, RJ45, Cat 6 with Modular & MK Box",https://sindabad.com/micronet-sp1162s-1-1port-wall-socket-rj45-cat-6-with-modular-mk-box.html,"Micronet SP1162S-1, 1Port Wall Socket, RJ45, Cat 6 with Modular & MK Box",500,https://sindabad.com/media/catalog/product/cache/15869ca78e92508fe510db2b345701fc/m/i/micronet_sp1162s-1_1_.jpg,0,0
1605167007-150,https://sindabad.com/,Industrial Items,https://sindabad.com/industrial-items.html,"MS Pipe ERW Seamless Pipe 20 Schedule, 18 inches",https://sindabad.com/ms-pipe-erw-seamless-pipe-20-schedule-18-inches.html,"MS Pipe ERW Seamless Pipe 20 Schedule, 18 inches",4200,https://sindabad.com/media/catalog/product/cache/15869ca78e92508fe510db2b345701fc/s/e/seamless-pipe-250x250_copy_1_2_2_3_1_2_1.jpg,0,0
1605166687-59,https://sindabad.com/,Electronics & Appliances,https://sindabad.com/electronics-appliances.html,"Walton WCF-1D5-RRXX-XX Deep Freezer, 146 Liter",https://sindabad.com/walton-wcf-1d5-rxxx-xx-deep-freezer-146-liter.html,"Walton WCF-1D5-RRXX-XX Deep Freezer, 146 Liter",18864,https://sindabad.com/media/catalog/product/cache/15869ca78e92508fe510db2b345701fc/1/_/1_23_2.jpg,0,0
1605166740-75,https://sindabad.com/,Chemicals & Dyes,https://sindabad.com/chemicals-dyes.html,Polymer,https://sindabad.com/polymer.html,Polymer,170,https://sindabad.com/media/catalog/product/cache/15869ca78e92508fe510db2b345701fc/1/5/1582598255.jpg,0,0
1605166924-128,https://sindabad.com/,Industrial Items,https://sindabad.com/industrial-items.html,"Bullet Mounted Point Abrasives Aluminum Oxide Grinding Stone Small, 6mm",https://sindabad.com/bullet-mounted-point-abrasives-aluminum-oxide-grinding-stone-small-6mm.html,"Bullet Mounted Point Abrasives Aluminum Oxide Grinding Stone Small, 6mm",20,https://sindabad.com/media/catalog/product/cache/15869ca78e92508fe510db2b345701fc/1/-/1-set-2-pieces-bullet-mounted-point-aluminum-oxide-abrasive-grinding-stone-bit-6mm-shank.jpg_640x640_copy.jpg,0,0
1605166747-77,https://sindabad.com/,Chemicals & Dyes,https://sindabad.com/chemicals-dyes.html,"Acetone (CH3)2CO, Commercial Grade, 200 Litre",https://sindabad.com/acer-travelmate-p446-m-53zl.html,"Acetone (CH3)2CO, Commercial Grade, 200 Litre",24000,https://sindabad.com/media/catalog/product/cache/15869ca78e92508fe510db2b345701fc/a/c/acetone_copy.jpg,0,0
1605167318-230,https://sindabad.com/,Grocery & Essentials,https://sindabad.com/grocery-essentials.html,"Rupchanda Fortified Soybean Oil, PET Bottle, 5 Liter",https://sindabad.com/rupchanda-fortified-soybean-oil-pet-bottle-5-liter.html,"Rupchanda Fortified Soybean Oil, PET Bottle, 5 Liter",570,https://sindabad.com/media/catalog/product/cache/15869ca78e92508fe510db2b345701fc/0/0/0053865_rupchanda-soyabean-oil-5ltr-3500000025.jpeg,0,0
1605167102-175,https://sindabad.com/,Computer & IT,https://sindabad.com/computer-it.html,"Grand stream IP Phone, GXP1610",https://sindabad.com/ip-phone-grand-stream-gxp1610.html,"Grand stream IP Phone, GXP1610",4299,https://sindabad.com/media/catalog/product/cache/15869ca78e92508fe510db2b345701fc/g/x/gxp1610.jpg,0,0
1605167131-183,https://sindabad.com/,Computer & IT,https://sindabad.com/computer-it.html,Epson EB-X41 (3600 Lumens) 3LCD Multimedia Projector,https://sindabad.com/epson-eb-x41-3600-lumens-3lcd-multimedia-projector.html,Epson EB-X41 (3600 Lumens) 3LCD Multimedia Projector,47500,https://sindabad.com/media/catalog/product/cache/15869ca78e92508fe510db2b345701fc/p/r/printer_4.jpg,0,0
1605166728-72,https://sindabad.com/,Mobile & Accessories,https://sindabad.com/mobile-accessories.html,"Apple iPhone 11, 4GB RAM, 64GB ROM, Black",https://sindabad.com/apple-iphone-11-4gb-ram-64gb-rom-black.html,"Apple iPhone 11, 4GB RAM, 64GB ROM, Black",87000,https://sindabad.com/media/catalog/product/cache/15869ca78e92508fe510db2b345701fc/i/p/iphone.jpg,0,0
1605166985-144,https://sindabad.com/,Industrial Items,https://sindabad.com/industrial-items.html,Bosch GBL 620 Air Blower,https://sindabad.com/bosch-gbl-620-air-blower.html,Bosch GBL 620 Air Blower,3951.6,https://sindabad.com/media/catalog/product/cache/15869ca78e92508fe510db2b345701fc/t/e/teet0300037os620.jpg,0,0
1605166883-116,https://sindabad.com/,Industrial Items,https://sindabad.com/industrial-items.html,"Amber Plywood, 4 Feetx8 Feetx4mm",https://sindabad.com/amber-plywood-4-feetx8-feetx4mm.html,"Amber Plywood, 4 Feetx8 Feetx4mm",1125,https://sindabad.com/media/catalog/product/cache/15869ca78e92508fe510db2b345701fc/u/n/unnamed_1__2.jpg,0,0
1605167257-214,https://sindabad.com/,Grocery & Essentials,https://sindabad.com/grocery-essentials.html,"Diamond Potato (Alu), 65Kg Bag",https://sindabad.com/diamond-potato-alu-65kg-bag.html,"Diamond Potato (Alu), 65Kg Bag",2750,https://sindabad.com/media/catalog/product/cache/15869ca78e92508fe510db2b345701fc/d/i/diamond-potato-12_1.jpg,0,0
1605167315-229,https://sindabad.com/,Grocery & Essentials,https://sindabad.com/grocery-essentials.html,"TEER Advanced Soybean Oil, PET Bottle, 5 Liter",https://sindabad.com/teer-soybean-oil-5-liter.html,"TEER Advanced Soybean Oil, PET Bottle, 5 Liter",555,https://sindabad.com/media/catalog/product/cache/15869ca78e92508fe510db2b345701fc/t/e/teer_5ltr.jpg,0,0
1605166753-79,https://sindabad.com/,Chemicals & Dyes,https://sindabad.com/chemicals-dyes.html,"Bleaching KCI, NaOCl + NaCl + H2O, 50 kg",https://sindabad.com/bleaching-kci-naocl-nacl-h2o-50-kg.html,"Bleaching KCI, NaOCl + NaCl + H2O, 50 kg",2900,https://sindabad.com/media/catalog/product/cache/15869ca78e92508fe510db2b345701fc/1/4/1422244997.jpg,0,0
1605167139-185,https://sindabad.com/,Computer & IT,https://sindabad.com/computer-it.html,"HP Core i3 10th Gen 15.6 Inch FHD Laptop with Windows 10, 15s-DU2061TU",https://sindabad.com/hp-core-i3-10th-gen-15-6-inch-fhd-laptop-with-windows-10-15s-du2061tu.html,"HP Core i3 10th Gen 15.6 Inch FHD Laptop with Windows 10, 15s-DU2061TU",51500,https://sindabad.com/media/catalog/product/cache/15869ca78e92508fe510db2b345701fc/h/p/hp-15s-1-500x500.jpg,0,0
1605166816-97,https://sindabad.com/,Electrical & Lighting,https://sindabad.com/electrical-lighting.html,"Delta DLT Series True Online UPS , 20 KVA",https://sindabad.com/delta-dlt-series-true-online-ups-20-kva.html,"Delta DLT Series True Online UPS , 20 KVA",650000,https://sindabad.com/media/catalog/product/cache/15869ca78e92508fe510db2b345701fc/d/e/delta.jpg,0,0
1605167124-181,https://sindabad.com/,Computer & IT,https://sindabad.com/computer-it.html,"Canon Genuine Color Cartridge, CL 811 XL",https://sindabad.com/canon-cl-811-xl-genuine-color-cartridge.html,"Canon Genuine Color Cartridge, CL 811 XL",2100,https://sindabad.com/media/catalog/product/cache/15869ca78e92508fe510db2b345701fc/8/1/811.jpg,0,0
1605167063-165,https://sindabad.com/,Industrial Items,https://sindabad.com/industrial-items.html,Amico Timming Belt XPB-3550,https://sindabad.com/amico-timming-belt-xpb-3550.html,Amico Timming Belt XPB-3550,3200,https://sindabad.com/media/catalog/product/cache/15869ca78e92508fe510db2b345701fc/5/1/512wvn9cfnl._sl1500__1.jpg,0,0
1605166713-67,https://sindabad.com/,Mobile & Accessories,https://sindabad.com/mobile-accessories.html,Lenovo Tab M8,https://sindabad.com/lenovo-tab-m8.html,Lenovo Tab M8,16999,https://sindabad.com/media/catalog/product/cache/15869ca78e92508fe510db2b345701fc/t/h/thumbnail_lenovo_tab_m8_8505f_2gb_32gb_negro_01_l.jpg,0,0
1605166913-125,https://sindabad.com/,Industrial Items,https://sindabad.com/industrial-items.html,"CAS Digital Weighing Floor Scale DB-II-460, 150 kg",https://sindabad.com/cas-digital-weighing-floor-scale-db-ii-460-150-kg.html,"CAS Digital Weighing Floor Scale DB-II-460, 150 kg",31700,https://sindabad.com/media/catalog/product/cache/15869ca78e92508fe510db2b345701fc/w/e/weight_1.jpg,0,0
1605166737-74,https://sindabad.com/,Chemicals & Dyes,https://sindabad.com/chemicals-dyes.html,"Talcum Industrial Powder, 25 kg",https://sindabad.com/talcum-industrial-powder-25-kg.html,"Talcum Industrial Powder, 25 kg",571,https://sindabad.com/media/catalog/product/cache/15869ca78e92508fe510db2b345701fc/c/h/chemical.jpg,0,0
1605167321-231,https://sindabad.com/,Grocery & Essentials,https://sindabad.com/grocery-essentials.html,"Rupchanda Fortified Soyabean Oil, PET Bottle, 2 Liter",https://sindabad.com/rupchanda-fortified-soyabean-oil-pet-bottle-2-liter.html,"Rupchanda Fortified Soyabean Oil, PET Bottle, 2 Liter",234,https://sindabad.com/media/catalog/product/cache/15869ca78e92508fe510db2b345701fc/r/u/rupchada.jpg,0,0
1605167156-189,https://sindabad.com/,Stationery & Office,https://sindabad.com/stationery-office.html,"Bili A4 Management Report Cover File, (Chinese with clip) Any Color",https://sindabad.com/bili-a4-management-report-cover-file-any-color.html,"Bili A4 Management Report Cover File, (Chinese with clip) Any Color",20,https://sindabad.com/media/catalog/product/cache/15869ca78e92508fe510db2b345701fc/1/6/1628_p_1334354752854_7.jpg,0,0
1605166807-94,https://sindabad.com/,Electrical & Lighting,https://sindabad.com/electrical-lighting.html,"ADC Ceiling Fan, 56 inches",https://sindabad.com/tvs-ceiling-fan-24.html,"ADC Ceiling Fan, 56 inches",2000,https://sindabad.com/media/catalog/product/cache/15869ca78e92508fe510db2b345701fc/f/a/fan.jpg,0,0
1605166699-63,https://sindabad.com/,Electronics & Appliances,https://sindabad.com/electronics-appliances.html,"Panasonic HD Professional Camcorder, AG-UX90",https://sindabad.com/panasonic-hd-professional-camcorder-ag-ux90.html,"Panasonic HD Professional Camcorder, AG-UX90",115999,https://sindabad.com/media/catalog/product/cache/15869ca78e92508fe510db2b345701fc/8/4/841651.jpg,0,0
1605167033-157,https://sindabad.com/,Industrial Items,https://sindabad.com/industrial-items.html,"IBE Thermopaper, 127-171, Pack of 50",https://sindabad.com/ibe-thermopaper-127-171.html,"IBE Thermopaper, 127-171, Pack of 50",1305,https://sindabad.com/media/catalog/product/cache/15869ca78e92508fe510db2b345701fc/w/e/website-image-grid-_sami_-recovered-recovered-recovered.jpg,0,0
1605167192-200,https://sindabad.com/,Stationery & Office,https://sindabad.com/stationery-office.html,"PaperOne All Purpose Offset Paper, A4, 80 GSM (Pack of 500 Sheets)",https://sindabad.com/paperone-offset-paper-a4-80-gsm-pack-of-500-sheets.html,"PaperOne All Purpose Offset Paper, A4, 80 GSM (Pack of 500 Sheets)",350,https://sindabad.com/media/catalog/product/cache/15869ca78e92508fe510db2b345701fc/2/8/2810460499.jpg,0,0
1605167207-203,https://sindabad.com/,Personal Hygiene & Beauty,https://sindabad.com/personal-hygiene-beauty.html,Safety Goggle,https://sindabad.com/safety-goggle.html,Safety Goggle,49,https://sindabad.com/media/catalog/product/cache/15869ca78e92508fe510db2b345701fc/r/1/r1.jpg,0,0
1605166939-132,https://sindabad.com/,Industrial Items,https://sindabad.com/industrial-items.html,"Door Gasket Rubber Round, 7mm",https://sindabad.com/door-gasket-rubber-round-7mm.html,"Door Gasket Rubber Round, 7mm",200,https://sindabad.com/media/catalog/product/cache/15869ca78e92508fe510db2b345701fc/_/m/_mg_7081.jpg,0,0
1605166861-111,https://sindabad.com/,Electrical & Lighting,https://sindabad.com/electrical-lighting.html,"SQ BYA FRLS Cable, Black, 1X1.5 rm, 7W",https://sindabad.com/sq-bya-frls-cable-black-1x1-5-rm-7w.html,"SQ BYA FRLS Cable, Black, 1X1.5 rm, 7W",1651.44,https://sindabad.com/media/catalog/product/cache/15869ca78e92508fe510db2b345701fc/e/l/elwc0100001ocbk_red_1.jpg,0,0
1605166678-56,https://sindabad.com/,Electronics & Appliances,https://sindabad.com/electronics-appliances.html,"Crompton Geyser, Solarium Qube, 25Ltr",https://sindabad.com/crompton-geyser-solarium-qube-25ltr.html,"Crompton Geyser, Solarium Qube, 25Ltr",10120,https://sindabad.com/media/catalog/product/cache/15869ca78e92508fe510db2b345701fc/d/s/dsc_6435_4.jpg,0,0
1605167120-180,https://sindabad.com/,Computer & IT,https://sindabad.com/computer-it.html,"HP 201A Original LaserJet Toner Cartridge, Magenta",https://sindabad.com/hp-201a-original-laserjet-toner-cartridge-magenta.html,"HP 201A Original LaserJet Toner Cartridge, Magenta",7250,https://sindabad.com/media/catalog/product/cache/15869ca78e92508fe510db2b345701fc/7/1/71ytstvj8pl._sl1500__copy_6.jpg,0,0
1605166782-87,https://sindabad.com/,Electrical & Lighting,https://sindabad.com/electrical-lighting.html,"Osaka PVC Tape, Black",https://sindabad.com/osaka-pvc-tape-black.html,"Osaka PVC Tape, Black",23,https://sindabad.com/media/catalog/product/cache/15869ca78e92508fe510db2b345701fc/o/s/osaka-pvc-electric-tape-lordtapes.com_-600x600_4.jpg,0,0
1605167211-204,https://sindabad.com/,Personal Hygiene & Beauty,https://sindabad.com/personal-hygiene-beauty.html,AFK Fingertip Pulse Oximeter,https://sindabad.com/afk-fingertip-pulse-oximeter.html,AFK Fingertip Pulse Oximeter,1399,https://sindabad.com/media/catalog/product/cache/15869ca78e92508fe510db2b345701fc/1/0/101736614_871349110011701_8334099650923462656_n_1_.jpg,0,0
1605166958-137,https://sindabad.com/,Industrial Items,https://sindabad.com/industrial-items.html,"Henxeng Double Needle Bobbin, Aluminium",https://sindabad.com/double-needle-bobbin-aluminium.html,"Henxeng Double Needle Bobbin, Aluminium",5,https://sindabad.com/media/catalog/product/cache/15869ca78e92508fe510db2b345701fc/2/0/2037876125_1.jpg,0,0
